"precinct","office","party_detailed","party_simplified","mode","votes","county_name","county_fips","jurisdiction_name","jurisdiction_fips","candidate","district","magnitude","dataverse","year","stage","state","special","writein","state_po","state_fips","state_cen","state_ic","date","readme_check","municipality"
"03A","CITY COUNCIL - ATLANTA","NONPARTISAN","NONPARTISAN","ABSENTEE BY MAIL",3,"FULTON","13121","FULTON","13121","ANTONIO BROWN","003",1,"LOCAL",2019,"GEN RUNOFF","GEORGIA","TRUE","FALSE","GA","13","58","44","2019-04-16","FALSE",""
"03A","CITY COUNCIL - ATLANTA","NONPARTISAN","NONPARTISAN","ADVANCE IN PERSON",15,"FULTON","13121","FULTON","13121","ANTONIO BROWN","003",1,"LOCAL",2019,"GEN RUNOFF","GEORGIA","TRUE","FALSE","GA","13","58","44","2019-04-16","FALSE",""
"03A","CITY COUNCIL - ATLANTA","NONPARTISAN","NONPARTISAN","ELECTION DAY",41,"FULTON","13121","FULTON","13121","ANTONIO BROWN","003",1,"LOCAL",2019,"GEN RUNOFF","GEORGIA","TRUE","FALSE","GA","13","58","44","2019-04-16","FALSE",""
"03A","CITY COUNCIL - ATLANTA","NONPARTISAN","NONPARTISAN","PROVISIONAL",0,"FULTON","13121","FULTON","13121","ANTONIO BROWN","003",1,"LOCAL",2019,"GEN RUNOFF","GEORGIA","TRUE","FALSE","GA","13","58","44","2019-04-16","FALSE",""
"03A","CITY COUNCIL - ATLANTA","NONPARTISAN","NONPARTISAN","ABSENTEE BY MAIL",1,"FULTON","13121","FULTON","13121","BYRON AMOS","003",1,"LOCAL",2019,"GEN RUNOFF","GEORGIA","TRUE","FALSE","GA","13","58","44","2019-04-16","FALSE",""
"03A","CITY COUNCIL - ATLANTA","NONPARTISAN","NONPARTISAN","ADVANCE IN PERSON",10,"FULTON","13121","FULTON","13121","BYRON AMOS","003",1,"LOCAL",2019,"GEN RUNOFF","GEORGIA","TRUE","FALSE","GA","13","58","44","2019-04-16","FALSE",""
"03A","CITY COUNCIL - ATLANTA","NONPARTISAN","NONPARTISAN","ELECTION DAY",76,"FULTON","13121","FULTON","13121","BYRON AMOS","003",1,"LOCAL",2019,"GEN RUNOFF","GEORGIA","TRUE","FALSE","GA","13","58","44","2019-04-16","FALSE",""
"03A","CITY COUNCIL - ATLANTA","NONPARTISAN","NONPARTISAN","PROVISIONAL",0,"FULTON","13121","FULTON","13121","BYRON AMOS","003",1,"LOCAL",2019,"GEN RUNOFF","GEORGIA","TRUE","FALSE","GA","13","58","44","2019-04-16","FALSE",""
"03B","CITY COUNCIL - ATLANTA","NONPARTISAN","NONPARTISAN","ABSENTEE BY MAIL",3,"FULTON","13121","FULTON","13121","ANTONIO BROWN","003",1,"LOCAL",2019,"GEN RUNOFF","GEORGIA","TRUE","FALSE","GA","13","58","44","2019-04-16","FALSE",""
"03B","CITY COUNCIL - ATLANTA","NONPARTISAN","NONPARTISAN","ADVANCE IN PERSON",0,"FULTON","13121","FULTON","13121","ANTONIO BROWN","003",1,"LOCAL",2019,"GEN RUNOFF","GEORGIA","TRUE","FALSE","GA","13","58","44","2019-04-16","FALSE",""
"03B","CITY COUNCIL - ATLANTA","NONPARTISAN","NONPARTISAN","ELECTION DAY",3,"FULTON","13121","FULTON","13121","ANTONIO BROWN","003",1,"LOCAL",2019,"GEN RUNOFF","GEORGIA","TRUE","FALSE","GA","13","58","44","2019-04-16","FALSE",""
"03B","CITY COUNCIL - ATLANTA","NONPARTISAN","NONPARTISAN","PROVISIONAL",0,"FULTON","13121","FULTON","13121","ANTONIO BROWN","003",1,"LOCAL",2019,"GEN RUNOFF","GEORGIA","TRUE","FALSE","GA","13","58","44","2019-04-16","FALSE",""
"03B","CITY COUNCIL - ATLANTA","NONPARTISAN","NONPARTISAN","ABSENTEE BY MAIL",1,"FULTON","13121","FULTON","13121","BYRON AMOS","003",1,"LOCAL",2019,"GEN RUNOFF","GEORGIA","TRUE","FALSE","GA","13","58","44","2019-04-16","FALSE",""
"03B","CITY COUNCIL - ATLANTA","NONPARTISAN","NONPARTISAN","ADVANCE IN PERSON",2,"FULTON","13121","FULTON","13121","BYRON AMOS","003",1,"LOCAL",2019,"GEN RUNOFF","GEORGIA","TRUE","FALSE","GA","13","58","44","2019-04-16","FALSE",""
"03B","CITY COUNCIL - ATLANTA","NONPARTISAN","NONPARTISAN","ELECTION DAY",11,"FULTON","13121","FULTON","13121","BYRON AMOS","003",1,"LOCAL",2019,"GEN RUNOFF","GEORGIA","TRUE","FALSE","GA","13","58","44","2019-04-16","FALSE",""
"03B","CITY COUNCIL - ATLANTA","NONPARTISAN","NONPARTISAN","PROVISIONAL",0,"FULTON","13121","FULTON","13121","BYRON AMOS","003",1,"LOCAL",2019,"GEN RUNOFF","GEORGIA","TRUE","FALSE","GA","13","58","44","2019-04-16","FALSE",""
"03C","CITY COUNCIL - ATLANTA","NONPARTISAN","NONPARTISAN","ABSENTEE BY MAIL",6,"FULTON","13121","FULTON","13121","ANTONIO BROWN","003",1,"LOCAL",2019,"GEN RUNOFF","GEORGIA","TRUE","FALSE","GA","13","58","44","2019-04-16","FALSE",""
"03C","CITY COUNCIL - ATLANTA","NONPARTISAN","NONPARTISAN","ADVANCE IN PERSON",0,"FULTON","13121","FULTON","13121","ANTONIO BROWN","003",1,"LOCAL",2019,"GEN RUNOFF","GEORGIA","TRUE","FALSE","GA","13","58","44","2019-04-16","FALSE",""
"03C","CITY COUNCIL - ATLANTA","NONPARTISAN","NONPARTISAN","ELECTION DAY",65,"FULTON","13121","FULTON","13121","ANTONIO BROWN","003",1,"LOCAL",2019,"GEN RUNOFF","GEORGIA","TRUE","FALSE","GA","13","58","44","2019-04-16","FALSE",""
"03C","CITY COUNCIL - ATLANTA","NONPARTISAN","NONPARTISAN","PROVISIONAL",1,"FULTON","13121","FULTON","13121","ANTONIO BROWN","003",1,"LOCAL",2019,"GEN RUNOFF","GEORGIA","TRUE","FALSE","GA","13","58","44","2019-04-16","FALSE",""
"03C","CITY COUNCIL - ATLANTA","NONPARTISAN","NONPARTISAN","ABSENTEE BY MAIL",6,"FULTON","13121","FULTON","13121","BYRON AMOS","003",1,"LOCAL",2019,"GEN RUNOFF","GEORGIA","TRUE","FALSE","GA","13","58","44","2019-04-16","FALSE",""
"03C","CITY COUNCIL - ATLANTA","NONPARTISAN","NONPARTISAN","ADVANCE IN PERSON",5,"FULTON","13121","FULTON","13121","BYRON AMOS","003",1,"LOCAL",2019,"GEN RUNOFF","GEORGIA","TRUE","FALSE","GA","13","58","44","2019-04-16","FALSE",""
"03C","CITY COUNCIL - ATLANTA","NONPARTISAN","NONPARTISAN","ELECTION DAY",60,"FULTON","13121","FULTON","13121","BYRON AMOS","003",1,"LOCAL",2019,"GEN RUNOFF","GEORGIA","TRUE","FALSE","GA","13","58","44","2019-04-16","FALSE",""
"03C","CITY COUNCIL - ATLANTA","NONPARTISAN","NONPARTISAN","PROVISIONAL",0,"FULTON","13121","FULTON","13121","BYRON AMOS","003",1,"LOCAL",2019,"GEN RUNOFF","GEORGIA","TRUE","FALSE","GA","13","58","44","2019-04-16","FALSE",""
"03D","CITY COUNCIL - ATLANTA","NONPARTISAN","NONPARTISAN","ABSENTEE BY MAIL",0,"FULTON","13121","FULTON","13121","ANTONIO BROWN","003",1,"LOCAL",2019,"GEN RUNOFF","GEORGIA","TRUE","FALSE","GA","13","58","44","2019-04-16","FALSE",""
"03D","CITY COUNCIL - ATLANTA","NONPARTISAN","NONPARTISAN","ADVANCE IN PERSON",2,"FULTON","13121","FULTON","13121","ANTONIO BROWN","003",1,"LOCAL",2019,"GEN RUNOFF","GEORGIA","TRUE","FALSE","GA","13","58","44","2019-04-16","FALSE",""
"03D","CITY COUNCIL - ATLANTA","NONPARTISAN","NONPARTISAN","ELECTION DAY",26,"FULTON","13121","FULTON","13121","ANTONIO BROWN","003",1,"LOCAL",2019,"GEN RUNOFF","GEORGIA","TRUE","FALSE","GA","13","58","44","2019-04-16","FALSE",""
"03D","CITY COUNCIL - ATLANTA","NONPARTISAN","NONPARTISAN","PROVISIONAL",0,"FULTON","13121","FULTON","13121","ANTONIO BROWN","003",1,"LOCAL",2019,"GEN RUNOFF","GEORGIA","TRUE","FALSE","GA","13","58","44","2019-04-16","FALSE",""
"03D","CITY COUNCIL - ATLANTA","NONPARTISAN","NONPARTISAN","ABSENTEE BY MAIL",2,"FULTON","13121","FULTON","13121","BYRON AMOS","003",1,"LOCAL",2019,"GEN RUNOFF","GEORGIA","TRUE","FALSE","GA","13","58","44","2019-04-16","FALSE",""
"03D","CITY COUNCIL - ATLANTA","NONPARTISAN","NONPARTISAN","ADVANCE IN PERSON",8,"FULTON","13121","FULTON","13121","BYRON AMOS","003",1,"LOCAL",2019,"GEN RUNOFF","GEORGIA","TRUE","FALSE","GA","13","58","44","2019-04-16","FALSE",""
"03D","CITY COUNCIL - ATLANTA","NONPARTISAN","NONPARTISAN","ELECTION DAY",30,"FULTON","13121","FULTON","13121","BYRON AMOS","003",1,"LOCAL",2019,"GEN RUNOFF","GEORGIA","TRUE","FALSE","GA","13","58","44","2019-04-16","FALSE",""
"03D","CITY COUNCIL - ATLANTA","NONPARTISAN","NONPARTISAN","PROVISIONAL",0,"FULTON","13121","FULTON","13121","BYRON AMOS","003",1,"LOCAL",2019,"GEN RUNOFF","GEORGIA","TRUE","FALSE","GA","13","58","44","2019-04-16","FALSE",""
"03E","CITY COUNCIL - ATLANTA","NONPARTISAN","NONPARTISAN","ABSENTEE BY MAIL",1,"FULTON","13121","FULTON","13121","ANTONIO BROWN","003",1,"LOCAL",2019,"GEN RUNOFF","GEORGIA","TRUE","FALSE","GA","13","58","44","2019-04-16","FALSE",""
"03E","CITY COUNCIL - ATLANTA","NONPARTISAN","NONPARTISAN","ADVANCE IN PERSON",9,"FULTON","13121","FULTON","13121","ANTONIO BROWN","003",1,"LOCAL",2019,"GEN RUNOFF","GEORGIA","TRUE","FALSE","GA","13","58","44","2019-04-16","FALSE",""
"03E","CITY COUNCIL - ATLANTA","NONPARTISAN","NONPARTISAN","ELECTION DAY",81,"FULTON","13121","FULTON","13121","ANTONIO BROWN","003",1,"LOCAL",2019,"GEN RUNOFF","GEORGIA","TRUE","FALSE","GA","13","58","44","2019-04-16","FALSE",""
"03E","CITY COUNCIL - ATLANTA","NONPARTISAN","NONPARTISAN","PROVISIONAL",0,"FULTON","13121","FULTON","13121","ANTONIO BROWN","003",1,"LOCAL",2019,"GEN RUNOFF","GEORGIA","TRUE","FALSE","GA","13","58","44","2019-04-16","FALSE",""
"03E","CITY COUNCIL - ATLANTA","NONPARTISAN","NONPARTISAN","ABSENTEE BY MAIL",2,"FULTON","13121","FULTON","13121","BYRON AMOS","003",1,"LOCAL",2019,"GEN RUNOFF","GEORGIA","TRUE","FALSE","GA","13","58","44","2019-04-16","FALSE",""
"03E","CITY COUNCIL - ATLANTA","NONPARTISAN","NONPARTISAN","ADVANCE IN PERSON",15,"FULTON","13121","FULTON","13121","BYRON AMOS","003",1,"LOCAL",2019,"GEN RUNOFF","GEORGIA","TRUE","FALSE","GA","13","58","44","2019-04-16","FALSE",""
"03E","CITY COUNCIL - ATLANTA","NONPARTISAN","NONPARTISAN","ELECTION DAY",72,"FULTON","13121","FULTON","13121","BYRON AMOS","003",1,"LOCAL",2019,"GEN RUNOFF","GEORGIA","TRUE","FALSE","GA","13","58","44","2019-04-16","FALSE",""
"03E","CITY COUNCIL - ATLANTA","NONPARTISAN","NONPARTISAN","PROVISIONAL",0,"FULTON","13121","FULTON","13121","BYRON AMOS","003",1,"LOCAL",2019,"GEN RUNOFF","GEORGIA","TRUE","FALSE","GA","13","58","44","2019-04-16","FALSE",""
"03F","CITY COUNCIL - ATLANTA","NONPARTISAN","NONPARTISAN","ABSENTEE BY MAIL",2,"FULTON","13121","FULTON","13121","ANTONIO BROWN","003",1,"LOCAL",2019,"GEN RUNOFF","GEORGIA","TRUE","FALSE","GA","13","58","44","2019-04-16","FALSE",""
"03F","CITY COUNCIL - ATLANTA","NONPARTISAN","NONPARTISAN","ADVANCE IN PERSON",3,"FULTON","13121","FULTON","13121","ANTONIO BROWN","003",1,"LOCAL",2019,"GEN RUNOFF","GEORGIA","TRUE","FALSE","GA","13","58","44","2019-04-16","FALSE",""
"03F","CITY COUNCIL - ATLANTA","NONPARTISAN","NONPARTISAN","ELECTION DAY",51,"FULTON","13121","FULTON","13121","ANTONIO BROWN","003",1,"LOCAL",2019,"GEN RUNOFF","GEORGIA","TRUE","FALSE","GA","13","58","44","2019-04-16","FALSE",""
"03F","CITY COUNCIL - ATLANTA","NONPARTISAN","NONPARTISAN","PROVISIONAL",0,"FULTON","13121","FULTON","13121","ANTONIO BROWN","003",1,"LOCAL",2019,"GEN RUNOFF","GEORGIA","TRUE","FALSE","GA","13","58","44","2019-04-16","FALSE",""
"03F","CITY COUNCIL - ATLANTA","NONPARTISAN","NONPARTISAN","ABSENTEE BY MAIL",0,"FULTON","13121","FULTON","13121","BYRON AMOS","003",1,"LOCAL",2019,"GEN RUNOFF","GEORGIA","TRUE","FALSE","GA","13","58","44","2019-04-16","FALSE",""
"03F","CITY COUNCIL - ATLANTA","NONPARTISAN","NONPARTISAN","ADVANCE IN PERSON",1,"FULTON","13121","FULTON","13121","BYRON AMOS","003",1,"LOCAL",2019,"GEN RUNOFF","GEORGIA","TRUE","FALSE","GA","13","58","44","2019-04-16","FALSE",""
"03F","CITY COUNCIL - ATLANTA","NONPARTISAN","NONPARTISAN","ELECTION DAY",17,"FULTON","13121","FULTON","13121","BYRON AMOS","003",1,"LOCAL",2019,"GEN RUNOFF","GEORGIA","TRUE","FALSE","GA","13","58","44","2019-04-16","FALSE",""
"03F","CITY COUNCIL - ATLANTA","NONPARTISAN","NONPARTISAN","PROVISIONAL",0,"FULTON","13121","FULTON","13121","BYRON AMOS","003",1,"LOCAL",2019,"GEN RUNOFF","GEORGIA","TRUE","FALSE","GA","13","58","44","2019-04-16","FALSE",""
"03G","CITY COUNCIL - ATLANTA","NONPARTISAN","NONPARTISAN","ABSENTEE BY MAIL",0,"FULTON","13121","FULTON","13121","ANTONIO BROWN","003",1,"LOCAL",2019,"GEN RUNOFF","GEORGIA","TRUE","FALSE","GA","13","58","44","2019-04-16","FALSE",""
"03G","CITY COUNCIL - ATLANTA","NONPARTISAN","NONPARTISAN","ADVANCE IN PERSON",1,"FULTON","13121","FULTON","13121","ANTONIO BROWN","003",1,"LOCAL",2019,"GEN RUNOFF","GEORGIA","TRUE","FALSE","GA","13","58","44","2019-04-16","FALSE",""
"03G","CITY COUNCIL - ATLANTA","NONPARTISAN","NONPARTISAN","ELECTION DAY",26,"FULTON","13121","FULTON","13121","ANTONIO BROWN","003",1,"LOCAL",2019,"GEN RUNOFF","GEORGIA","TRUE","FALSE","GA","13","58","44","2019-04-16","FALSE",""
"03G","CITY COUNCIL - ATLANTA","NONPARTISAN","NONPARTISAN","PROVISIONAL",0,"FULTON","13121","FULTON","13121","ANTONIO BROWN","003",1,"LOCAL",2019,"GEN RUNOFF","GEORGIA","TRUE","FALSE","GA","13","58","44","2019-04-16","FALSE",""
"03G","CITY COUNCIL - ATLANTA","NONPARTISAN","NONPARTISAN","ABSENTEE BY MAIL",0,"FULTON","13121","FULTON","13121","BYRON AMOS","003",1,"LOCAL",2019,"GEN RUNOFF","GEORGIA","TRUE","FALSE","GA","13","58","44","2019-04-16","FALSE",""
"03G","CITY COUNCIL - ATLANTA","NONPARTISAN","NONPARTISAN","ADVANCE IN PERSON",4,"FULTON","13121","FULTON","13121","BYRON AMOS","003",1,"LOCAL",2019,"GEN RUNOFF","GEORGIA","TRUE","FALSE","GA","13","58","44","2019-04-16","FALSE",""
"03G","CITY COUNCIL - ATLANTA","NONPARTISAN","NONPARTISAN","ELECTION DAY",25,"FULTON","13121","FULTON","13121","BYRON AMOS","003",1,"LOCAL",2019,"GEN RUNOFF","GEORGIA","TRUE","FALSE","GA","13","58","44","2019-04-16","FALSE",""
"03G","CITY COUNCIL - ATLANTA","NONPARTISAN","NONPARTISAN","PROVISIONAL",0,"FULTON","13121","FULTON","13121","BYRON AMOS","003",1,"LOCAL",2019,"GEN RUNOFF","GEORGIA","TRUE","FALSE","GA","13","58","44","2019-04-16","FALSE",""
"03H","CITY COUNCIL - ATLANTA","NONPARTISAN","NONPARTISAN","ABSENTEE BY MAIL",3,"FULTON","13121","FULTON","13121","ANTONIO BROWN","003",1,"LOCAL",2019,"GEN RUNOFF","GEORGIA","TRUE","FALSE","GA","13","58","44","2019-04-16","FALSE",""
"03H","CITY COUNCIL - ATLANTA","NONPARTISAN","NONPARTISAN","ADVANCE IN PERSON",2,"FULTON","13121","FULTON","13121","ANTONIO BROWN","003",1,"LOCAL",2019,"GEN RUNOFF","GEORGIA","TRUE","FALSE","GA","13","58","44","2019-04-16","FALSE",""
"03H","CITY COUNCIL - ATLANTA","NONPARTISAN","NONPARTISAN","ELECTION DAY",34,"FULTON","13121","FULTON","13121","ANTONIO BROWN","003",1,"LOCAL",2019,"GEN RUNOFF","GEORGIA","TRUE","FALSE","GA","13","58","44","2019-04-16","FALSE",""
"03H","CITY COUNCIL - ATLANTA","NONPARTISAN","NONPARTISAN","PROVISIONAL",0,"FULTON","13121","FULTON","13121","ANTONIO BROWN","003",1,"LOCAL",2019,"GEN RUNOFF","GEORGIA","TRUE","FALSE","GA","13","58","44","2019-04-16","FALSE",""
"03H","CITY COUNCIL - ATLANTA","NONPARTISAN","NONPARTISAN","ABSENTEE BY MAIL",2,"FULTON","13121","FULTON","13121","BYRON AMOS","003",1,"LOCAL",2019,"GEN RUNOFF","GEORGIA","TRUE","FALSE","GA","13","58","44","2019-04-16","FALSE",""
"03H","CITY COUNCIL - ATLANTA","NONPARTISAN","NONPARTISAN","ADVANCE IN PERSON",6,"FULTON","13121","FULTON","13121","BYRON AMOS","003",1,"LOCAL",2019,"GEN RUNOFF","GEORGIA","TRUE","FALSE","GA","13","58","44","2019-04-16","FALSE",""
"03H","CITY COUNCIL - ATLANTA","NONPARTISAN","NONPARTISAN","ELECTION DAY",23,"FULTON","13121","FULTON","13121","BYRON AMOS","003",1,"LOCAL",2019,"GEN RUNOFF","GEORGIA","TRUE","FALSE","GA","13","58","44","2019-04-16","FALSE",""
"03H","CITY COUNCIL - ATLANTA","NONPARTISAN","NONPARTISAN","PROVISIONAL",0,"FULTON","13121","FULTON","13121","BYRON AMOS","003",1,"LOCAL",2019,"GEN RUNOFF","GEORGIA","TRUE","FALSE","GA","13","58","44","2019-04-16","FALSE",""
"03I","CITY COUNCIL - ATLANTA","NONPARTISAN","NONPARTISAN","ABSENTEE BY MAIL",0,"FULTON","13121","FULTON","13121","ANTONIO BROWN","003",1,"LOCAL",2019,"GEN RUNOFF","GEORGIA","TRUE","FALSE","GA","13","58","44","2019-04-16","FALSE",""
"03I","CITY COUNCIL - ATLANTA","NONPARTISAN","NONPARTISAN","ADVANCE IN PERSON",1,"FULTON","13121","FULTON","13121","ANTONIO BROWN","003",1,"LOCAL",2019,"GEN RUNOFF","GEORGIA","TRUE","FALSE","GA","13","58","44","2019-04-16","FALSE",""
"03I","CITY COUNCIL - ATLANTA","NONPARTISAN","NONPARTISAN","ELECTION DAY",8,"FULTON","13121","FULTON","13121","ANTONIO BROWN","003",1,"LOCAL",2019,"GEN RUNOFF","GEORGIA","TRUE","FALSE","GA","13","58","44","2019-04-16","FALSE",""
"03I","CITY COUNCIL - ATLANTA","NONPARTISAN","NONPARTISAN","PROVISIONAL",0,"FULTON","13121","FULTON","13121","ANTONIO BROWN","003",1,"LOCAL",2019,"GEN RUNOFF","GEORGIA","TRUE","FALSE","GA","13","58","44","2019-04-16","FALSE",""
"03I","CITY COUNCIL - ATLANTA","NONPARTISAN","NONPARTISAN","ABSENTEE BY MAIL",0,"FULTON","13121","FULTON","13121","BYRON AMOS","003",1,"LOCAL",2019,"GEN RUNOFF","GEORGIA","TRUE","FALSE","GA","13","58","44","2019-04-16","FALSE",""
"03I","CITY COUNCIL - ATLANTA","NONPARTISAN","NONPARTISAN","ADVANCE IN PERSON",0,"FULTON","13121","FULTON","13121","BYRON AMOS","003",1,"LOCAL",2019,"GEN RUNOFF","GEORGIA","TRUE","FALSE","GA","13","58","44","2019-04-16","FALSE",""
"03I","CITY COUNCIL - ATLANTA","NONPARTISAN","NONPARTISAN","ELECTION DAY",1,"FULTON","13121","FULTON","13121","BYRON AMOS","003",1,"LOCAL",2019,"GEN RUNOFF","GEORGIA","TRUE","FALSE","GA","13","58","44","2019-04-16","FALSE",""
"03I","CITY COUNCIL - ATLANTA","NONPARTISAN","NONPARTISAN","PROVISIONAL",1,"FULTON","13121","FULTON","13121","BYRON AMOS","003",1,"LOCAL",2019,"GEN RUNOFF","GEORGIA","TRUE","FALSE","GA","13","58","44","2019-04-16","FALSE",""
"03L","CITY COUNCIL - ATLANTA","NONPARTISAN","NONPARTISAN","ABSENTEE BY MAIL",0,"FULTON","13121","FULTON","13121","ANTONIO BROWN","003",1,"LOCAL",2019,"GEN RUNOFF","GEORGIA","TRUE","FALSE","GA","13","58","44","2019-04-16","FALSE",""
"03L","CITY COUNCIL - ATLANTA","NONPARTISAN","NONPARTISAN","ADVANCE IN PERSON",1,"FULTON","13121","FULTON","13121","ANTONIO BROWN","003",1,"LOCAL",2019,"GEN RUNOFF","GEORGIA","TRUE","FALSE","GA","13","58","44","2019-04-16","FALSE",""
"03L","CITY COUNCIL - ATLANTA","NONPARTISAN","NONPARTISAN","ELECTION DAY",16,"FULTON","13121","FULTON","13121","ANTONIO BROWN","003",1,"LOCAL",2019,"GEN RUNOFF","GEORGIA","TRUE","FALSE","GA","13","58","44","2019-04-16","FALSE",""
"03L","CITY COUNCIL - ATLANTA","NONPARTISAN","NONPARTISAN","PROVISIONAL",0,"FULTON","13121","FULTON","13121","ANTONIO BROWN","003",1,"LOCAL",2019,"GEN RUNOFF","GEORGIA","TRUE","FALSE","GA","13","58","44","2019-04-16","FALSE",""
"03L","CITY COUNCIL - ATLANTA","NONPARTISAN","NONPARTISAN","ABSENTEE BY MAIL",0,"FULTON","13121","FULTON","13121","BYRON AMOS","003",1,"LOCAL",2019,"GEN RUNOFF","GEORGIA","TRUE","FALSE","GA","13","58","44","2019-04-16","FALSE",""
"03L","CITY COUNCIL - ATLANTA","NONPARTISAN","NONPARTISAN","ADVANCE IN PERSON",3,"FULTON","13121","FULTON","13121","BYRON AMOS","003",1,"LOCAL",2019,"GEN RUNOFF","GEORGIA","TRUE","FALSE","GA","13","58","44","2019-04-16","FALSE",""
"03L","CITY COUNCIL - ATLANTA","NONPARTISAN","NONPARTISAN","ELECTION DAY",24,"FULTON","13121","FULTON","13121","BYRON AMOS","003",1,"LOCAL",2019,"GEN RUNOFF","GEORGIA","TRUE","FALSE","GA","13","58","44","2019-04-16","FALSE",""
"03L","CITY COUNCIL - ATLANTA","NONPARTISAN","NONPARTISAN","PROVISIONAL",0,"FULTON","13121","FULTON","13121","BYRON AMOS","003",1,"LOCAL",2019,"GEN RUNOFF","GEORGIA","TRUE","FALSE","GA","13","58","44","2019-04-16","FALSE",""
"03M","CITY COUNCIL - ATLANTA","NONPARTISAN","NONPARTISAN","ABSENTEE BY MAIL",2,"FULTON","13121","FULTON","13121","ANTONIO BROWN","003",1,"LOCAL",2019,"GEN RUNOFF","GEORGIA","TRUE","FALSE","GA","13","58","44","2019-04-16","FALSE",""
"03M","CITY COUNCIL - ATLANTA","NONPARTISAN","NONPARTISAN","ADVANCE IN PERSON",0,"FULTON","13121","FULTON","13121","ANTONIO BROWN","003",1,"LOCAL",2019,"GEN RUNOFF","GEORGIA","TRUE","FALSE","GA","13","58","44","2019-04-16","FALSE",""
"03M","CITY COUNCIL - ATLANTA","NONPARTISAN","NONPARTISAN","ELECTION DAY",108,"FULTON","13121","FULTON","13121","ANTONIO BROWN","003",1,"LOCAL",2019,"GEN RUNOFF","GEORGIA","TRUE","FALSE","GA","13","58","44","2019-04-16","FALSE",""
"03M","CITY COUNCIL - ATLANTA","NONPARTISAN","NONPARTISAN","PROVISIONAL",0,"FULTON","13121","FULTON","13121","ANTONIO BROWN","003",1,"LOCAL",2019,"GEN RUNOFF","GEORGIA","TRUE","FALSE","GA","13","58","44","2019-04-16","FALSE",""
"03M","CITY COUNCIL - ATLANTA","NONPARTISAN","NONPARTISAN","ABSENTEE BY MAIL",2,"FULTON","13121","FULTON","13121","BYRON AMOS","003",1,"LOCAL",2019,"GEN RUNOFF","GEORGIA","TRUE","FALSE","GA","13","58","44","2019-04-16","FALSE",""
"03M","CITY COUNCIL - ATLANTA","NONPARTISAN","NONPARTISAN","ADVANCE IN PERSON",1,"FULTON","13121","FULTON","13121","BYRON AMOS","003",1,"LOCAL",2019,"GEN RUNOFF","GEORGIA","TRUE","FALSE","GA","13","58","44","2019-04-16","FALSE",""
"03M","CITY COUNCIL - ATLANTA","NONPARTISAN","NONPARTISAN","ELECTION DAY",16,"FULTON","13121","FULTON","13121","BYRON AMOS","003",1,"LOCAL",2019,"GEN RUNOFF","GEORGIA","TRUE","FALSE","GA","13","58","44","2019-04-16","FALSE",""
"03M","CITY COUNCIL - ATLANTA","NONPARTISAN","NONPARTISAN","PROVISIONAL",0,"FULTON","13121","FULTON","13121","BYRON AMOS","003",1,"LOCAL",2019,"GEN RUNOFF","GEORGIA","TRUE","FALSE","GA","13","58","44","2019-04-16","FALSE",""
"03N","CITY COUNCIL - ATLANTA","NONPARTISAN","NONPARTISAN","ABSENTEE BY MAIL",1,"FULTON","13121","FULTON","13121","ANTONIO BROWN","003",1,"LOCAL",2019,"GEN RUNOFF","GEORGIA","TRUE","FALSE","GA","13","58","44","2019-04-16","FALSE",""
"03N","CITY COUNCIL - ATLANTA","NONPARTISAN","NONPARTISAN","ADVANCE IN PERSON",0,"FULTON","13121","FULTON","13121","ANTONIO BROWN","003",1,"LOCAL",2019,"GEN RUNOFF","GEORGIA","TRUE","FALSE","GA","13","58","44","2019-04-16","FALSE",""
"03N","CITY COUNCIL - ATLANTA","NONPARTISAN","NONPARTISAN","ELECTION DAY",38,"FULTON","13121","FULTON","13121","ANTONIO BROWN","003",1,"LOCAL",2019,"GEN RUNOFF","GEORGIA","TRUE","FALSE","GA","13","58","44","2019-04-16","FALSE",""
"03N","CITY COUNCIL - ATLANTA","NONPARTISAN","NONPARTISAN","PROVISIONAL",0,"FULTON","13121","FULTON","13121","ANTONIO BROWN","003",1,"LOCAL",2019,"GEN RUNOFF","GEORGIA","TRUE","FALSE","GA","13","58","44","2019-04-16","FALSE",""
"03N","CITY COUNCIL - ATLANTA","NONPARTISAN","NONPARTISAN","ABSENTEE BY MAIL",0,"FULTON","13121","FULTON","13121","BYRON AMOS","003",1,"LOCAL",2019,"GEN RUNOFF","GEORGIA","TRUE","FALSE","GA","13","58","44","2019-04-16","FALSE",""
"03N","CITY COUNCIL - ATLANTA","NONPARTISAN","NONPARTISAN","ADVANCE IN PERSON",7,"FULTON","13121","FULTON","13121","BYRON AMOS","003",1,"LOCAL",2019,"GEN RUNOFF","GEORGIA","TRUE","FALSE","GA","13","58","44","2019-04-16","FALSE",""
"03N","CITY COUNCIL - ATLANTA","NONPARTISAN","NONPARTISAN","ELECTION DAY",52,"FULTON","13121","FULTON","13121","BYRON AMOS","003",1,"LOCAL",2019,"GEN RUNOFF","GEORGIA","TRUE","FALSE","GA","13","58","44","2019-04-16","FALSE",""
"03N","CITY COUNCIL - ATLANTA","NONPARTISAN","NONPARTISAN","PROVISIONAL",0,"FULTON","13121","FULTON","13121","BYRON AMOS","003",1,"LOCAL",2019,"GEN RUNOFF","GEORGIA","TRUE","FALSE","GA","13","58","44","2019-04-16","FALSE",""
"03P1A","CITY COUNCIL - ATLANTA","NONPARTISAN","NONPARTISAN","ABSENTEE BY MAIL",1,"FULTON","13121","FULTON","13121","ANTONIO BROWN","003",1,"LOCAL",2019,"GEN RUNOFF","GEORGIA","TRUE","FALSE","GA","13","58","44","2019-04-16","FALSE",""
"03P1A","CITY COUNCIL - ATLANTA","NONPARTISAN","NONPARTISAN","ADVANCE IN PERSON",1,"FULTON","13121","FULTON","13121","ANTONIO BROWN","003",1,"LOCAL",2019,"GEN RUNOFF","GEORGIA","TRUE","FALSE","GA","13","58","44","2019-04-16","FALSE",""
"03P1A","CITY COUNCIL - ATLANTA","NONPARTISAN","NONPARTISAN","ELECTION DAY",40,"FULTON","13121","FULTON","13121","ANTONIO BROWN","003",1,"LOCAL",2019,"GEN RUNOFF","GEORGIA","TRUE","FALSE","GA","13","58","44","2019-04-16","FALSE",""
"03P1A","CITY COUNCIL - ATLANTA","NONPARTISAN","NONPARTISAN","PROVISIONAL",0,"FULTON","13121","FULTON","13121","ANTONIO BROWN","003",1,"LOCAL",2019,"GEN RUNOFF","GEORGIA","TRUE","FALSE","GA","13","58","44","2019-04-16","FALSE",""
"03P1A","CITY COUNCIL - ATLANTA","NONPARTISAN","NONPARTISAN","ABSENTEE BY MAIL",1,"FULTON","13121","FULTON","13121","BYRON AMOS","003",1,"LOCAL",2019,"GEN RUNOFF","GEORGIA","TRUE","FALSE","GA","13","58","44","2019-04-16","FALSE",""
"03P1A","CITY COUNCIL - ATLANTA","NONPARTISAN","NONPARTISAN","ADVANCE IN PERSON",1,"FULTON","13121","FULTON","13121","BYRON AMOS","003",1,"LOCAL",2019,"GEN RUNOFF","GEORGIA","TRUE","FALSE","GA","13","58","44","2019-04-16","FALSE",""
"03P1A","CITY COUNCIL - ATLANTA","NONPARTISAN","NONPARTISAN","ELECTION DAY",24,"FULTON","13121","FULTON","13121","BYRON AMOS","003",1,"LOCAL",2019,"GEN RUNOFF","GEORGIA","TRUE","FALSE","GA","13","58","44","2019-04-16","FALSE",""
"03P1A","CITY COUNCIL - ATLANTA","NONPARTISAN","NONPARTISAN","PROVISIONAL",0,"FULTON","13121","FULTON","13121","BYRON AMOS","003",1,"LOCAL",2019,"GEN RUNOFF","GEORGIA","TRUE","FALSE","GA","13","58","44","2019-04-16","FALSE",""
"03P2","CITY COUNCIL - ATLANTA","NONPARTISAN","NONPARTISAN","ABSENTEE BY MAIL",0,"FULTON","13121","FULTON","13121","ANTONIO BROWN","003",1,"LOCAL",2019,"GEN RUNOFF","GEORGIA","TRUE","FALSE","GA","13","58","44","2019-04-16","FALSE",""
"03P2","CITY COUNCIL - ATLANTA","NONPARTISAN","NONPARTISAN","ADVANCE IN PERSON",0,"FULTON","13121","FULTON","13121","ANTONIO BROWN","003",1,"LOCAL",2019,"GEN RUNOFF","GEORGIA","TRUE","FALSE","GA","13","58","44","2019-04-16","FALSE",""
"03P2","CITY COUNCIL - ATLANTA","NONPARTISAN","NONPARTISAN","ELECTION DAY",0,"FULTON","13121","FULTON","13121","ANTONIO BROWN","003",1,"LOCAL",2019,"GEN RUNOFF","GEORGIA","TRUE","FALSE","GA","13","58","44","2019-04-16","FALSE",""
"03P2","CITY COUNCIL - ATLANTA","NONPARTISAN","NONPARTISAN","PROVISIONAL",0,"FULTON","13121","FULTON","13121","ANTONIO BROWN","003",1,"LOCAL",2019,"GEN RUNOFF","GEORGIA","TRUE","FALSE","GA","13","58","44","2019-04-16","FALSE",""
"03P2","CITY COUNCIL - ATLANTA","NONPARTISAN","NONPARTISAN","ABSENTEE BY MAIL",0,"FULTON","13121","FULTON","13121","BYRON AMOS","003",1,"LOCAL",2019,"GEN RUNOFF","GEORGIA","TRUE","FALSE","GA","13","58","44","2019-04-16","FALSE",""
"03P2","CITY COUNCIL - ATLANTA","NONPARTISAN","NONPARTISAN","ADVANCE IN PERSON",0,"FULTON","13121","FULTON","13121","BYRON AMOS","003",1,"LOCAL",2019,"GEN RUNOFF","GEORGIA","TRUE","FALSE","GA","13","58","44","2019-04-16","FALSE",""
"03P2","CITY COUNCIL - ATLANTA","NONPARTISAN","NONPARTISAN","ELECTION DAY",0,"FULTON","13121","FULTON","13121","BYRON AMOS","003",1,"LOCAL",2019,"GEN RUNOFF","GEORGIA","TRUE","FALSE","GA","13","58","44","2019-04-16","FALSE",""
"03P2","CITY COUNCIL - ATLANTA","NONPARTISAN","NONPARTISAN","PROVISIONAL",0,"FULTON","13121","FULTON","13121","BYRON AMOS","003",1,"LOCAL",2019,"GEN RUNOFF","GEORGIA","TRUE","FALSE","GA","13","58","44","2019-04-16","FALSE",""
"03S","CITY COUNCIL - ATLANTA","NONPARTISAN","NONPARTISAN","ABSENTEE BY MAIL",0,"FULTON","13121","FULTON","13121","ANTONIO BROWN","003",1,"LOCAL",2019,"GEN RUNOFF","GEORGIA","TRUE","FALSE","GA","13","58","44","2019-04-16","FALSE",""
"03S","CITY COUNCIL - ATLANTA","NONPARTISAN","NONPARTISAN","ADVANCE IN PERSON",0,"FULTON","13121","FULTON","13121","ANTONIO BROWN","003",1,"LOCAL",2019,"GEN RUNOFF","GEORGIA","TRUE","FALSE","GA","13","58","44","2019-04-16","FALSE",""
"03S","CITY COUNCIL - ATLANTA","NONPARTISAN","NONPARTISAN","ELECTION DAY",22,"FULTON","13121","FULTON","13121","ANTONIO BROWN","003",1,"LOCAL",2019,"GEN RUNOFF","GEORGIA","TRUE","FALSE","GA","13","58","44","2019-04-16","FALSE",""
"03S","CITY COUNCIL - ATLANTA","NONPARTISAN","NONPARTISAN","PROVISIONAL",0,"FULTON","13121","FULTON","13121","ANTONIO BROWN","003",1,"LOCAL",2019,"GEN RUNOFF","GEORGIA","TRUE","FALSE","GA","13","58","44","2019-04-16","FALSE",""
"03S","CITY COUNCIL - ATLANTA","NONPARTISAN","NONPARTISAN","ABSENTEE BY MAIL",0,"FULTON","13121","FULTON","13121","BYRON AMOS","003",1,"LOCAL",2019,"GEN RUNOFF","GEORGIA","TRUE","FALSE","GA","13","58","44","2019-04-16","FALSE",""
"03S","CITY COUNCIL - ATLANTA","NONPARTISAN","NONPARTISAN","ADVANCE IN PERSON",0,"FULTON","13121","FULTON","13121","BYRON AMOS","003",1,"LOCAL",2019,"GEN RUNOFF","GEORGIA","TRUE","FALSE","GA","13","58","44","2019-04-16","FALSE",""
"03S","CITY COUNCIL - ATLANTA","NONPARTISAN","NONPARTISAN","ELECTION DAY",26,"FULTON","13121","FULTON","13121","BYRON AMOS","003",1,"LOCAL",2019,"GEN RUNOFF","GEORGIA","TRUE","FALSE","GA","13","58","44","2019-04-16","FALSE",""
"03S","CITY COUNCIL - ATLANTA","NONPARTISAN","NONPARTISAN","PROVISIONAL",0,"FULTON","13121","FULTON","13121","BYRON AMOS","003",1,"LOCAL",2019,"GEN RUNOFF","GEORGIA","TRUE","FALSE","GA","13","58","44","2019-04-16","FALSE",""
"03T","CITY COUNCIL - ATLANTA","NONPARTISAN","NONPARTISAN","ABSENTEE BY MAIL",1,"FULTON","13121","FULTON","13121","ANTONIO BROWN","003",1,"LOCAL",2019,"GEN RUNOFF","GEORGIA","TRUE","FALSE","GA","13","58","44","2019-04-16","FALSE",""
"03T","CITY COUNCIL - ATLANTA","NONPARTISAN","NONPARTISAN","ADVANCE IN PERSON",22,"FULTON","13121","FULTON","13121","ANTONIO BROWN","003",1,"LOCAL",2019,"GEN RUNOFF","GEORGIA","TRUE","FALSE","GA","13","58","44","2019-04-16","FALSE",""
"03T","CITY COUNCIL - ATLANTA","NONPARTISAN","NONPARTISAN","ELECTION DAY",30,"FULTON","13121","FULTON","13121","ANTONIO BROWN","003",1,"LOCAL",2019,"GEN RUNOFF","GEORGIA","TRUE","FALSE","GA","13","58","44","2019-04-16","FALSE",""
"03T","CITY COUNCIL - ATLANTA","NONPARTISAN","NONPARTISAN","PROVISIONAL",0,"FULTON","13121","FULTON","13121","ANTONIO BROWN","003",1,"LOCAL",2019,"GEN RUNOFF","GEORGIA","TRUE","FALSE","GA","13","58","44","2019-04-16","FALSE",""
"03T","CITY COUNCIL - ATLANTA","NONPARTISAN","NONPARTISAN","ABSENTEE BY MAIL",0,"FULTON","13121","FULTON","13121","BYRON AMOS","003",1,"LOCAL",2019,"GEN RUNOFF","GEORGIA","TRUE","FALSE","GA","13","58","44","2019-04-16","FALSE",""
"03T","CITY COUNCIL - ATLANTA","NONPARTISAN","NONPARTISAN","ADVANCE IN PERSON",9,"FULTON","13121","FULTON","13121","BYRON AMOS","003",1,"LOCAL",2019,"GEN RUNOFF","GEORGIA","TRUE","FALSE","GA","13","58","44","2019-04-16","FALSE",""
"03T","CITY COUNCIL - ATLANTA","NONPARTISAN","NONPARTISAN","ELECTION DAY",41,"FULTON","13121","FULTON","13121","BYRON AMOS","003",1,"LOCAL",2019,"GEN RUNOFF","GEORGIA","TRUE","FALSE","GA","13","58","44","2019-04-16","FALSE",""
"03T","CITY COUNCIL - ATLANTA","NONPARTISAN","NONPARTISAN","PROVISIONAL",0,"FULTON","13121","FULTON","13121","BYRON AMOS","003",1,"LOCAL",2019,"GEN RUNOFF","GEORGIA","TRUE","FALSE","GA","13","58","44","2019-04-16","FALSE",""
