"precinct","office","party_detailed","party_simplified","mode","votes","county_name","county_fips","jurisdiction_name","jurisdiction_fips","candidate","district","magnitude","dataverse","year","stage","state","special","writein","state_po","state_fips","state_cen","state_ic","date","readme_check","municipality"
"CH01","SCHOOL BOARD - FULTON COUNTY","NONPARTISAN","NONPARTISAN","ABSENTEE",2,"FULTON","13121","FULTON","13121","FRANCHESCA WARREN","004",1,"LOCAL",2020,"GEN RUNOFF","GEORGIA","FALSE","FALSE","GA","13","58","44","2020-08-11","FALSE",""
"CH01","SCHOOL BOARD - FULTON COUNTY","NONPARTISAN","NONPARTISAN","EARLY IN PERSON",4,"FULTON","13121","FULTON","13121","FRANCHESCA WARREN","004",1,"LOCAL",2020,"GEN RUNOFF","GEORGIA","FALSE","FALSE","GA","13","58","44","2020-08-11","FALSE",""
"CH01","SCHOOL BOARD - FULTON COUNTY","NONPARTISAN","NONPARTISAN","ELECTION DAY",12,"FULTON","13121","FULTON","13121","FRANCHESCA WARREN","004",1,"LOCAL",2020,"GEN RUNOFF","GEORGIA","FALSE","FALSE","GA","13","58","44","2020-08-11","FALSE",""
"CH01","SCHOOL BOARD - FULTON COUNTY","NONPARTISAN","NONPARTISAN","PROVISIONAL",0,"FULTON","13121","FULTON","13121","FRANCHESCA WARREN","004",1,"LOCAL",2020,"GEN RUNOFF","GEORGIA","FALSE","FALSE","GA","13","58","44","2020-08-11","FALSE",""
"CH01","SCHOOL BOARD - FULTON COUNTY","NONPARTISAN","NONPARTISAN","ABSENTEE",2,"FULTON","13121","FULTON","13121","SANDRA C WRIGHT","004",1,"LOCAL",2020,"GEN RUNOFF","GEORGIA","FALSE","FALSE","GA","13","58","44","2020-08-11","FALSE",""
"CH01","SCHOOL BOARD - FULTON COUNTY","NONPARTISAN","NONPARTISAN","EARLY IN PERSON",12,"FULTON","13121","FULTON","13121","SANDRA C WRIGHT","004",1,"LOCAL",2020,"GEN RUNOFF","GEORGIA","FALSE","FALSE","GA","13","58","44","2020-08-11","FALSE",""
"CH01","SCHOOL BOARD - FULTON COUNTY","NONPARTISAN","NONPARTISAN","ELECTION DAY",15,"FULTON","13121","FULTON","13121","SANDRA C WRIGHT","004",1,"LOCAL",2020,"GEN RUNOFF","GEORGIA","FALSE","FALSE","GA","13","58","44","2020-08-11","FALSE",""
"CH01","SCHOOL BOARD - FULTON COUNTY","NONPARTISAN","NONPARTISAN","PROVISIONAL",0,"FULTON","13121","FULTON","13121","SANDRA C WRIGHT","004",1,"LOCAL",2020,"GEN RUNOFF","GEORGIA","FALSE","FALSE","GA","13","58","44","2020-08-11","FALSE",""
"CH02","SCHOOL BOARD - FULTON COUNTY","NONPARTISAN","NONPARTISAN","ABSENTEE",3,"FULTON","13121","FULTON","13121","FRANCHESCA WARREN","004",1,"LOCAL",2020,"GEN RUNOFF","GEORGIA","FALSE","FALSE","GA","13","58","44","2020-08-11","FALSE",""
"CH02","SCHOOL BOARD - FULTON COUNTY","NONPARTISAN","NONPARTISAN","EARLY IN PERSON",0,"FULTON","13121","FULTON","13121","FRANCHESCA WARREN","004",1,"LOCAL",2020,"GEN RUNOFF","GEORGIA","FALSE","FALSE","GA","13","58","44","2020-08-11","FALSE",""
"CH02","SCHOOL BOARD - FULTON COUNTY","NONPARTISAN","NONPARTISAN","ELECTION DAY",8,"FULTON","13121","FULTON","13121","FRANCHESCA WARREN","004",1,"LOCAL",2020,"GEN RUNOFF","GEORGIA","FALSE","FALSE","GA","13","58","44","2020-08-11","FALSE",""
"CH02","SCHOOL BOARD - FULTON COUNTY","NONPARTISAN","NONPARTISAN","PROVISIONAL",0,"FULTON","13121","FULTON","13121","FRANCHESCA WARREN","004",1,"LOCAL",2020,"GEN RUNOFF","GEORGIA","FALSE","FALSE","GA","13","58","44","2020-08-11","FALSE",""
"CH02","SCHOOL BOARD - FULTON COUNTY","NONPARTISAN","NONPARTISAN","ABSENTEE",5,"FULTON","13121","FULTON","13121","SANDRA C WRIGHT","004",1,"LOCAL",2020,"GEN RUNOFF","GEORGIA","FALSE","FALSE","GA","13","58","44","2020-08-11","FALSE",""
"CH02","SCHOOL BOARD - FULTON COUNTY","NONPARTISAN","NONPARTISAN","EARLY IN PERSON",7,"FULTON","13121","FULTON","13121","SANDRA C WRIGHT","004",1,"LOCAL",2020,"GEN RUNOFF","GEORGIA","FALSE","FALSE","GA","13","58","44","2020-08-11","FALSE",""
"CH02","SCHOOL BOARD - FULTON COUNTY","NONPARTISAN","NONPARTISAN","ELECTION DAY",15,"FULTON","13121","FULTON","13121","SANDRA C WRIGHT","004",1,"LOCAL",2020,"GEN RUNOFF","GEORGIA","FALSE","FALSE","GA","13","58","44","2020-08-11","FALSE",""
"CH02","SCHOOL BOARD - FULTON COUNTY","NONPARTISAN","NONPARTISAN","PROVISIONAL",0,"FULTON","13121","FULTON","13121","SANDRA C WRIGHT","004",1,"LOCAL",2020,"GEN RUNOFF","GEORGIA","FALSE","FALSE","GA","13","58","44","2020-08-11","FALSE",""
"CH03","SCHOOL BOARD - FULTON COUNTY","NONPARTISAN","NONPARTISAN","ABSENTEE",2,"FULTON","13121","FULTON","13121","FRANCHESCA WARREN","004",1,"LOCAL",2020,"GEN RUNOFF","GEORGIA","FALSE","FALSE","GA","13","58","44","2020-08-11","FALSE",""
"CH03","SCHOOL BOARD - FULTON COUNTY","NONPARTISAN","NONPARTISAN","EARLY IN PERSON",2,"FULTON","13121","FULTON","13121","FRANCHESCA WARREN","004",1,"LOCAL",2020,"GEN RUNOFF","GEORGIA","FALSE","FALSE","GA","13","58","44","2020-08-11","FALSE",""
"CH03","SCHOOL BOARD - FULTON COUNTY","NONPARTISAN","NONPARTISAN","ELECTION DAY",7,"FULTON","13121","FULTON","13121","FRANCHESCA WARREN","004",1,"LOCAL",2020,"GEN RUNOFF","GEORGIA","FALSE","FALSE","GA","13","58","44","2020-08-11","FALSE",""
"CH03","SCHOOL BOARD - FULTON COUNTY","NONPARTISAN","NONPARTISAN","PROVISIONAL",0,"FULTON","13121","FULTON","13121","FRANCHESCA WARREN","004",1,"LOCAL",2020,"GEN RUNOFF","GEORGIA","FALSE","FALSE","GA","13","58","44","2020-08-11","FALSE",""
"CH03","SCHOOL BOARD - FULTON COUNTY","NONPARTISAN","NONPARTISAN","ABSENTEE",4,"FULTON","13121","FULTON","13121","SANDRA C WRIGHT","004",1,"LOCAL",2020,"GEN RUNOFF","GEORGIA","FALSE","FALSE","GA","13","58","44","2020-08-11","FALSE",""
"CH03","SCHOOL BOARD - FULTON COUNTY","NONPARTISAN","NONPARTISAN","EARLY IN PERSON",14,"FULTON","13121","FULTON","13121","SANDRA C WRIGHT","004",1,"LOCAL",2020,"GEN RUNOFF","GEORGIA","FALSE","FALSE","GA","13","58","44","2020-08-11","FALSE",""
"CH03","SCHOOL BOARD - FULTON COUNTY","NONPARTISAN","NONPARTISAN","ELECTION DAY",27,"FULTON","13121","FULTON","13121","SANDRA C WRIGHT","004",1,"LOCAL",2020,"GEN RUNOFF","GEORGIA","FALSE","FALSE","GA","13","58","44","2020-08-11","FALSE",""
"CH03","SCHOOL BOARD - FULTON COUNTY","NONPARTISAN","NONPARTISAN","PROVISIONAL",0,"FULTON","13121","FULTON","13121","SANDRA C WRIGHT","004",1,"LOCAL",2020,"GEN RUNOFF","GEORGIA","FALSE","FALSE","GA","13","58","44","2020-08-11","FALSE",""
"CH04A","SCHOOL BOARD - FULTON COUNTY","NONPARTISAN","NONPARTISAN","ABSENTEE",2,"FULTON","13121","FULTON","13121","FRANCHESCA WARREN","004",1,"LOCAL",2020,"GEN RUNOFF","GEORGIA","FALSE","FALSE","GA","13","58","44","2020-08-11","FALSE",""
"CH04A","SCHOOL BOARD - FULTON COUNTY","NONPARTISAN","NONPARTISAN","EARLY IN PERSON",6,"FULTON","13121","FULTON","13121","FRANCHESCA WARREN","004",1,"LOCAL",2020,"GEN RUNOFF","GEORGIA","FALSE","FALSE","GA","13","58","44","2020-08-11","FALSE",""
"CH04A","SCHOOL BOARD - FULTON COUNTY","NONPARTISAN","NONPARTISAN","ELECTION DAY",15,"FULTON","13121","FULTON","13121","FRANCHESCA WARREN","004",1,"LOCAL",2020,"GEN RUNOFF","GEORGIA","FALSE","FALSE","GA","13","58","44","2020-08-11","FALSE",""
"CH04A","SCHOOL BOARD - FULTON COUNTY","NONPARTISAN","NONPARTISAN","PROVISIONAL",0,"FULTON","13121","FULTON","13121","FRANCHESCA WARREN","004",1,"LOCAL",2020,"GEN RUNOFF","GEORGIA","FALSE","FALSE","GA","13","58","44","2020-08-11","FALSE",""
"CH04A","SCHOOL BOARD - FULTON COUNTY","NONPARTISAN","NONPARTISAN","ABSENTEE",20,"FULTON","13121","FULTON","13121","SANDRA C WRIGHT","004",1,"LOCAL",2020,"GEN RUNOFF","GEORGIA","FALSE","FALSE","GA","13","58","44","2020-08-11","FALSE",""
"CH04A","SCHOOL BOARD - FULTON COUNTY","NONPARTISAN","NONPARTISAN","EARLY IN PERSON",11,"FULTON","13121","FULTON","13121","SANDRA C WRIGHT","004",1,"LOCAL",2020,"GEN RUNOFF","GEORGIA","FALSE","FALSE","GA","13","58","44","2020-08-11","FALSE",""
"CH04A","SCHOOL BOARD - FULTON COUNTY","NONPARTISAN","NONPARTISAN","ELECTION DAY",26,"FULTON","13121","FULTON","13121","SANDRA C WRIGHT","004",1,"LOCAL",2020,"GEN RUNOFF","GEORGIA","FALSE","FALSE","GA","13","58","44","2020-08-11","FALSE",""
"CH04A","SCHOOL BOARD - FULTON COUNTY","NONPARTISAN","NONPARTISAN","PROVISIONAL",0,"FULTON","13121","FULTON","13121","SANDRA C WRIGHT","004",1,"LOCAL",2020,"GEN RUNOFF","GEORGIA","FALSE","FALSE","GA","13","58","44","2020-08-11","FALSE",""
"CH05","SCHOOL BOARD - FULTON COUNTY","NONPARTISAN","NONPARTISAN","ABSENTEE",4,"FULTON","13121","FULTON","13121","FRANCHESCA WARREN","004",1,"LOCAL",2020,"GEN RUNOFF","GEORGIA","FALSE","FALSE","GA","13","58","44","2020-08-11","FALSE",""
"CH05","SCHOOL BOARD - FULTON COUNTY","NONPARTISAN","NONPARTISAN","EARLY IN PERSON",3,"FULTON","13121","FULTON","13121","FRANCHESCA WARREN","004",1,"LOCAL",2020,"GEN RUNOFF","GEORGIA","FALSE","FALSE","GA","13","58","44","2020-08-11","FALSE",""
"CH05","SCHOOL BOARD - FULTON COUNTY","NONPARTISAN","NONPARTISAN","ELECTION DAY",9,"FULTON","13121","FULTON","13121","FRANCHESCA WARREN","004",1,"LOCAL",2020,"GEN RUNOFF","GEORGIA","FALSE","FALSE","GA","13","58","44","2020-08-11","FALSE",""
"CH05","SCHOOL BOARD - FULTON COUNTY","NONPARTISAN","NONPARTISAN","PROVISIONAL",0,"FULTON","13121","FULTON","13121","FRANCHESCA WARREN","004",1,"LOCAL",2020,"GEN RUNOFF","GEORGIA","FALSE","FALSE","GA","13","58","44","2020-08-11","FALSE",""
"CH05","SCHOOL BOARD - FULTON COUNTY","NONPARTISAN","NONPARTISAN","ABSENTEE",10,"FULTON","13121","FULTON","13121","SANDRA C WRIGHT","004",1,"LOCAL",2020,"GEN RUNOFF","GEORGIA","FALSE","FALSE","GA","13","58","44","2020-08-11","FALSE",""
"CH05","SCHOOL BOARD - FULTON COUNTY","NONPARTISAN","NONPARTISAN","EARLY IN PERSON",10,"FULTON","13121","FULTON","13121","SANDRA C WRIGHT","004",1,"LOCAL",2020,"GEN RUNOFF","GEORGIA","FALSE","FALSE","GA","13","58","44","2020-08-11","FALSE",""
"CH05","SCHOOL BOARD - FULTON COUNTY","NONPARTISAN","NONPARTISAN","ELECTION DAY",31,"FULTON","13121","FULTON","13121","SANDRA C WRIGHT","004",1,"LOCAL",2020,"GEN RUNOFF","GEORGIA","FALSE","FALSE","GA","13","58","44","2020-08-11","FALSE",""
"CH05","SCHOOL BOARD - FULTON COUNTY","NONPARTISAN","NONPARTISAN","PROVISIONAL",0,"FULTON","13121","FULTON","13121","SANDRA C WRIGHT","004",1,"LOCAL",2020,"GEN RUNOFF","GEORGIA","FALSE","FALSE","GA","13","58","44","2020-08-11","FALSE",""
"FA01A","SCHOOL BOARD - FULTON COUNTY","NONPARTISAN","NONPARTISAN","ABSENTEE",126,"FULTON","13121","FULTON","13121","FRANCHESCA WARREN","004",1,"LOCAL",2020,"GEN RUNOFF","GEORGIA","FALSE","FALSE","GA","13","58","44","2020-08-11","FALSE",""
"FA01A","SCHOOL BOARD - FULTON COUNTY","NONPARTISAN","NONPARTISAN","EARLY IN PERSON",140,"FULTON","13121","FULTON","13121","FRANCHESCA WARREN","004",1,"LOCAL",2020,"GEN RUNOFF","GEORGIA","FALSE","FALSE","GA","13","58","44","2020-08-11","FALSE",""
"FA01A","SCHOOL BOARD - FULTON COUNTY","NONPARTISAN","NONPARTISAN","ELECTION DAY",81,"FULTON","13121","FULTON","13121","FRANCHESCA WARREN","004",1,"LOCAL",2020,"GEN RUNOFF","GEORGIA","FALSE","FALSE","GA","13","58","44","2020-08-11","FALSE",""
"FA01A","SCHOOL BOARD - FULTON COUNTY","NONPARTISAN","NONPARTISAN","PROVISIONAL",1,"FULTON","13121","FULTON","13121","FRANCHESCA WARREN","004",1,"LOCAL",2020,"GEN RUNOFF","GEORGIA","FALSE","FALSE","GA","13","58","44","2020-08-11","FALSE",""
"FA01A","SCHOOL BOARD - FULTON COUNTY","NONPARTISAN","NONPARTISAN","ABSENTEE",108,"FULTON","13121","FULTON","13121","SANDRA C WRIGHT","004",1,"LOCAL",2020,"GEN RUNOFF","GEORGIA","FALSE","FALSE","GA","13","58","44","2020-08-11","FALSE",""
"FA01A","SCHOOL BOARD - FULTON COUNTY","NONPARTISAN","NONPARTISAN","EARLY IN PERSON",109,"FULTON","13121","FULTON","13121","SANDRA C WRIGHT","004",1,"LOCAL",2020,"GEN RUNOFF","GEORGIA","FALSE","FALSE","GA","13","58","44","2020-08-11","FALSE",""
"FA01A","SCHOOL BOARD - FULTON COUNTY","NONPARTISAN","NONPARTISAN","ELECTION DAY",77,"FULTON","13121","FULTON","13121","SANDRA C WRIGHT","004",1,"LOCAL",2020,"GEN RUNOFF","GEORGIA","FALSE","FALSE","GA","13","58","44","2020-08-11","FALSE",""
"FA01A","SCHOOL BOARD - FULTON COUNTY","NONPARTISAN","NONPARTISAN","PROVISIONAL",1,"FULTON","13121","FULTON","13121","SANDRA C WRIGHT","004",1,"LOCAL",2020,"GEN RUNOFF","GEORGIA","FALSE","FALSE","GA","13","58","44","2020-08-11","FALSE",""
"FA01B","SCHOOL BOARD - FULTON COUNTY","NONPARTISAN","NONPARTISAN","ABSENTEE",133,"FULTON","13121","FULTON","13121","FRANCHESCA WARREN","004",1,"LOCAL",2020,"GEN RUNOFF","GEORGIA","FALSE","FALSE","GA","13","58","44","2020-08-11","FALSE",""
"FA01B","SCHOOL BOARD - FULTON COUNTY","NONPARTISAN","NONPARTISAN","EARLY IN PERSON",174,"FULTON","13121","FULTON","13121","FRANCHESCA WARREN","004",1,"LOCAL",2020,"GEN RUNOFF","GEORGIA","FALSE","FALSE","GA","13","58","44","2020-08-11","FALSE",""
"FA01B","SCHOOL BOARD - FULTON COUNTY","NONPARTISAN","NONPARTISAN","ELECTION DAY",130,"FULTON","13121","FULTON","13121","FRANCHESCA WARREN","004",1,"LOCAL",2020,"GEN RUNOFF","GEORGIA","FALSE","FALSE","GA","13","58","44","2020-08-11","FALSE",""
"FA01B","SCHOOL BOARD - FULTON COUNTY","NONPARTISAN","NONPARTISAN","PROVISIONAL",1,"FULTON","13121","FULTON","13121","FRANCHESCA WARREN","004",1,"LOCAL",2020,"GEN RUNOFF","GEORGIA","FALSE","FALSE","GA","13","58","44","2020-08-11","FALSE",""
"FA01B","SCHOOL BOARD - FULTON COUNTY","NONPARTISAN","NONPARTISAN","ABSENTEE",128,"FULTON","13121","FULTON","13121","SANDRA C WRIGHT","004",1,"LOCAL",2020,"GEN RUNOFF","GEORGIA","FALSE","FALSE","GA","13","58","44","2020-08-11","FALSE",""
"FA01B","SCHOOL BOARD - FULTON COUNTY","NONPARTISAN","NONPARTISAN","EARLY IN PERSON",150,"FULTON","13121","FULTON","13121","SANDRA C WRIGHT","004",1,"LOCAL",2020,"GEN RUNOFF","GEORGIA","FALSE","FALSE","GA","13","58","44","2020-08-11","FALSE",""
"FA01B","SCHOOL BOARD - FULTON COUNTY","NONPARTISAN","NONPARTISAN","ELECTION DAY",112,"FULTON","13121","FULTON","13121","SANDRA C WRIGHT","004",1,"LOCAL",2020,"GEN RUNOFF","GEORGIA","FALSE","FALSE","GA","13","58","44","2020-08-11","FALSE",""
"FA01B","SCHOOL BOARD - FULTON COUNTY","NONPARTISAN","NONPARTISAN","PROVISIONAL",0,"FULTON","13121","FULTON","13121","SANDRA C WRIGHT","004",1,"LOCAL",2020,"GEN RUNOFF","GEORGIA","FALSE","FALSE","GA","13","58","44","2020-08-11","FALSE",""
"FA01C","SCHOOL BOARD - FULTON COUNTY","NONPARTISAN","NONPARTISAN","ABSENTEE",16,"FULTON","13121","FULTON","13121","FRANCHESCA WARREN","004",1,"LOCAL",2020,"GEN RUNOFF","GEORGIA","FALSE","FALSE","GA","13","58","44","2020-08-11","FALSE",""
"FA01C","SCHOOL BOARD - FULTON COUNTY","NONPARTISAN","NONPARTISAN","EARLY IN PERSON",13,"FULTON","13121","FULTON","13121","FRANCHESCA WARREN","004",1,"LOCAL",2020,"GEN RUNOFF","GEORGIA","FALSE","FALSE","GA","13","58","44","2020-08-11","FALSE",""
"FA01C","SCHOOL BOARD - FULTON COUNTY","NONPARTISAN","NONPARTISAN","ELECTION DAY",30,"FULTON","13121","FULTON","13121","FRANCHESCA WARREN","004",1,"LOCAL",2020,"GEN RUNOFF","GEORGIA","FALSE","FALSE","GA","13","58","44","2020-08-11","FALSE",""
"FA01C","SCHOOL BOARD - FULTON COUNTY","NONPARTISAN","NONPARTISAN","PROVISIONAL",0,"FULTON","13121","FULTON","13121","FRANCHESCA WARREN","004",1,"LOCAL",2020,"GEN RUNOFF","GEORGIA","FALSE","FALSE","GA","13","58","44","2020-08-11","FALSE",""
"FA01C","SCHOOL BOARD - FULTON COUNTY","NONPARTISAN","NONPARTISAN","ABSENTEE",22,"FULTON","13121","FULTON","13121","SANDRA C WRIGHT","004",1,"LOCAL",2020,"GEN RUNOFF","GEORGIA","FALSE","FALSE","GA","13","58","44","2020-08-11","FALSE",""
"FA01C","SCHOOL BOARD - FULTON COUNTY","NONPARTISAN","NONPARTISAN","EARLY IN PERSON",14,"FULTON","13121","FULTON","13121","SANDRA C WRIGHT","004",1,"LOCAL",2020,"GEN RUNOFF","GEORGIA","FALSE","FALSE","GA","13","58","44","2020-08-11","FALSE",""
"FA01C","SCHOOL BOARD - FULTON COUNTY","NONPARTISAN","NONPARTISAN","ELECTION DAY",22,"FULTON","13121","FULTON","13121","SANDRA C WRIGHT","004",1,"LOCAL",2020,"GEN RUNOFF","GEORGIA","FALSE","FALSE","GA","13","58","44","2020-08-11","FALSE",""
"FA01C","SCHOOL BOARD - FULTON COUNTY","NONPARTISAN","NONPARTISAN","PROVISIONAL",0,"FULTON","13121","FULTON","13121","SANDRA C WRIGHT","004",1,"LOCAL",2020,"GEN RUNOFF","GEORGIA","FALSE","FALSE","GA","13","58","44","2020-08-11","FALSE",""
"FC01","SCHOOL BOARD - FULTON COUNTY","NONPARTISAN","NONPARTISAN","ABSENTEE",1,"FULTON","13121","FULTON","13121","FRANCHESCA WARREN","004",1,"LOCAL",2020,"GEN RUNOFF","GEORGIA","FALSE","FALSE","GA","13","58","44","2020-08-11","FALSE",""
"FC01","SCHOOL BOARD - FULTON COUNTY","NONPARTISAN","NONPARTISAN","EARLY IN PERSON",8,"FULTON","13121","FULTON","13121","FRANCHESCA WARREN","004",1,"LOCAL",2020,"GEN RUNOFF","GEORGIA","FALSE","FALSE","GA","13","58","44","2020-08-11","FALSE",""
"FC01","SCHOOL BOARD - FULTON COUNTY","NONPARTISAN","NONPARTISAN","ELECTION DAY",11,"FULTON","13121","FULTON","13121","FRANCHESCA WARREN","004",1,"LOCAL",2020,"GEN RUNOFF","GEORGIA","FALSE","FALSE","GA","13","58","44","2020-08-11","FALSE",""
"FC01","SCHOOL BOARD - FULTON COUNTY","NONPARTISAN","NONPARTISAN","PROVISIONAL",6,"FULTON","13121","FULTON","13121","FRANCHESCA WARREN","004",1,"LOCAL",2020,"GEN RUNOFF","GEORGIA","FALSE","FALSE","GA","13","58","44","2020-08-11","FALSE",""
"FC01","SCHOOL BOARD - FULTON COUNTY","NONPARTISAN","NONPARTISAN","ABSENTEE",0,"FULTON","13121","FULTON","13121","SANDRA C WRIGHT","004",1,"LOCAL",2020,"GEN RUNOFF","GEORGIA","FALSE","FALSE","GA","13","58","44","2020-08-11","FALSE",""
"FC01","SCHOOL BOARD - FULTON COUNTY","NONPARTISAN","NONPARTISAN","EARLY IN PERSON",1,"FULTON","13121","FULTON","13121","SANDRA C WRIGHT","004",1,"LOCAL",2020,"GEN RUNOFF","GEORGIA","FALSE","FALSE","GA","13","58","44","2020-08-11","FALSE",""
"FC01","SCHOOL BOARD - FULTON COUNTY","NONPARTISAN","NONPARTISAN","ELECTION DAY",1,"FULTON","13121","FULTON","13121","SANDRA C WRIGHT","004",1,"LOCAL",2020,"GEN RUNOFF","GEORGIA","FALSE","FALSE","GA","13","58","44","2020-08-11","FALSE",""
"FC01","SCHOOL BOARD - FULTON COUNTY","NONPARTISAN","NONPARTISAN","PROVISIONAL",5,"FULTON","13121","FULTON","13121","SANDRA C WRIGHT","004",1,"LOCAL",2020,"GEN RUNOFF","GEORGIA","FALSE","FALSE","GA","13","58","44","2020-08-11","FALSE",""
"FC02","SCHOOL BOARD - FULTON COUNTY","NONPARTISAN","NONPARTISAN","ABSENTEE",0,"FULTON","13121","FULTON","13121","FRANCHESCA WARREN","004",1,"LOCAL",2020,"GEN RUNOFF","GEORGIA","FALSE","FALSE","GA","13","58","44","2020-08-11","FALSE",""
"FC02","SCHOOL BOARD - FULTON COUNTY","NONPARTISAN","NONPARTISAN","EARLY IN PERSON",0,"FULTON","13121","FULTON","13121","FRANCHESCA WARREN","004",1,"LOCAL",2020,"GEN RUNOFF","GEORGIA","FALSE","FALSE","GA","13","58","44","2020-08-11","FALSE",""
"FC02","SCHOOL BOARD - FULTON COUNTY","NONPARTISAN","NONPARTISAN","ELECTION DAY",0,"FULTON","13121","FULTON","13121","FRANCHESCA WARREN","004",1,"LOCAL",2020,"GEN RUNOFF","GEORGIA","FALSE","FALSE","GA","13","58","44","2020-08-11","FALSE",""
"FC02","SCHOOL BOARD - FULTON COUNTY","NONPARTISAN","NONPARTISAN","PROVISIONAL",0,"FULTON","13121","FULTON","13121","FRANCHESCA WARREN","004",1,"LOCAL",2020,"GEN RUNOFF","GEORGIA","FALSE","FALSE","GA","13","58","44","2020-08-11","FALSE",""
"FC02","SCHOOL BOARD - FULTON COUNTY","NONPARTISAN","NONPARTISAN","ABSENTEE",2,"FULTON","13121","FULTON","13121","SANDRA C WRIGHT","004",1,"LOCAL",2020,"GEN RUNOFF","GEORGIA","FALSE","FALSE","GA","13","58","44","2020-08-11","FALSE",""
"FC02","SCHOOL BOARD - FULTON COUNTY","NONPARTISAN","NONPARTISAN","EARLY IN PERSON",1,"FULTON","13121","FULTON","13121","SANDRA C WRIGHT","004",1,"LOCAL",2020,"GEN RUNOFF","GEORGIA","FALSE","FALSE","GA","13","58","44","2020-08-11","FALSE",""
"FC02","SCHOOL BOARD - FULTON COUNTY","NONPARTISAN","NONPARTISAN","ELECTION DAY",2,"FULTON","13121","FULTON","13121","SANDRA C WRIGHT","004",1,"LOCAL",2020,"GEN RUNOFF","GEORGIA","FALSE","FALSE","GA","13","58","44","2020-08-11","FALSE",""
"FC02","SCHOOL BOARD - FULTON COUNTY","NONPARTISAN","NONPARTISAN","PROVISIONAL",0,"FULTON","13121","FULTON","13121","SANDRA C WRIGHT","004",1,"LOCAL",2020,"GEN RUNOFF","GEORGIA","FALSE","FALSE","GA","13","58","44","2020-08-11","FALSE",""
"FC03","SCHOOL BOARD - FULTON COUNTY","NONPARTISAN","NONPARTISAN","ABSENTEE",0,"FULTON","13121","FULTON","13121","FRANCHESCA WARREN","004",1,"LOCAL",2020,"GEN RUNOFF","GEORGIA","FALSE","FALSE","GA","13","58","44","2020-08-11","FALSE",""
"FC03","SCHOOL BOARD - FULTON COUNTY","NONPARTISAN","NONPARTISAN","EARLY IN PERSON",0,"FULTON","13121","FULTON","13121","FRANCHESCA WARREN","004",1,"LOCAL",2020,"GEN RUNOFF","GEORGIA","FALSE","FALSE","GA","13","58","44","2020-08-11","FALSE",""
"FC03","SCHOOL BOARD - FULTON COUNTY","NONPARTISAN","NONPARTISAN","ELECTION DAY",1,"FULTON","13121","FULTON","13121","FRANCHESCA WARREN","004",1,"LOCAL",2020,"GEN RUNOFF","GEORGIA","FALSE","FALSE","GA","13","58","44","2020-08-11","FALSE",""
"FC03","SCHOOL BOARD - FULTON COUNTY","NONPARTISAN","NONPARTISAN","PROVISIONAL",0,"FULTON","13121","FULTON","13121","FRANCHESCA WARREN","004",1,"LOCAL",2020,"GEN RUNOFF","GEORGIA","FALSE","FALSE","GA","13","58","44","2020-08-11","FALSE",""
"FC03","SCHOOL BOARD - FULTON COUNTY","NONPARTISAN","NONPARTISAN","ABSENTEE",0,"FULTON","13121","FULTON","13121","SANDRA C WRIGHT","004",1,"LOCAL",2020,"GEN RUNOFF","GEORGIA","FALSE","FALSE","GA","13","58","44","2020-08-11","FALSE",""
"FC03","SCHOOL BOARD - FULTON COUNTY","NONPARTISAN","NONPARTISAN","EARLY IN PERSON",0,"FULTON","13121","FULTON","13121","SANDRA C WRIGHT","004",1,"LOCAL",2020,"GEN RUNOFF","GEORGIA","FALSE","FALSE","GA","13","58","44","2020-08-11","FALSE",""
"FC03","SCHOOL BOARD - FULTON COUNTY","NONPARTISAN","NONPARTISAN","ELECTION DAY",2,"FULTON","13121","FULTON","13121","SANDRA C WRIGHT","004",1,"LOCAL",2020,"GEN RUNOFF","GEORGIA","FALSE","FALSE","GA","13","58","44","2020-08-11","FALSE",""
"FC03","SCHOOL BOARD - FULTON COUNTY","NONPARTISAN","NONPARTISAN","PROVISIONAL",0,"FULTON","13121","FULTON","13121","SANDRA C WRIGHT","004",1,"LOCAL",2020,"GEN RUNOFF","GEORGIA","FALSE","FALSE","GA","13","58","44","2020-08-11","FALSE",""
"PA01","SCHOOL BOARD - FULTON COUNTY","NONPARTISAN","NONPARTISAN","ABSENTEE",25,"FULTON","13121","FULTON","13121","FRANCHESCA WARREN","004",1,"LOCAL",2020,"GEN RUNOFF","GEORGIA","FALSE","FALSE","GA","13","58","44","2020-08-11","FALSE",""
"PA01","SCHOOL BOARD - FULTON COUNTY","NONPARTISAN","NONPARTISAN","EARLY IN PERSON",48,"FULTON","13121","FULTON","13121","FRANCHESCA WARREN","004",1,"LOCAL",2020,"GEN RUNOFF","GEORGIA","FALSE","FALSE","GA","13","58","44","2020-08-11","FALSE",""
"PA01","SCHOOL BOARD - FULTON COUNTY","NONPARTISAN","NONPARTISAN","ELECTION DAY",86,"FULTON","13121","FULTON","13121","FRANCHESCA WARREN","004",1,"LOCAL",2020,"GEN RUNOFF","GEORGIA","FALSE","FALSE","GA","13","58","44","2020-08-11","FALSE",""
"PA01","SCHOOL BOARD - FULTON COUNTY","NONPARTISAN","NONPARTISAN","PROVISIONAL",0,"FULTON","13121","FULTON","13121","FRANCHESCA WARREN","004",1,"LOCAL",2020,"GEN RUNOFF","GEORGIA","FALSE","FALSE","GA","13","58","44","2020-08-11","FALSE",""
"PA01","SCHOOL BOARD - FULTON COUNTY","NONPARTISAN","NONPARTISAN","ABSENTEE",36,"FULTON","13121","FULTON","13121","SANDRA C WRIGHT","004",1,"LOCAL",2020,"GEN RUNOFF","GEORGIA","FALSE","FALSE","GA","13","58","44","2020-08-11","FALSE",""
"PA01","SCHOOL BOARD - FULTON COUNTY","NONPARTISAN","NONPARTISAN","EARLY IN PERSON",55,"FULTON","13121","FULTON","13121","SANDRA C WRIGHT","004",1,"LOCAL",2020,"GEN RUNOFF","GEORGIA","FALSE","FALSE","GA","13","58","44","2020-08-11","FALSE",""
"PA01","SCHOOL BOARD - FULTON COUNTY","NONPARTISAN","NONPARTISAN","ELECTION DAY",149,"FULTON","13121","FULTON","13121","SANDRA C WRIGHT","004",1,"LOCAL",2020,"GEN RUNOFF","GEORGIA","FALSE","FALSE","GA","13","58","44","2020-08-11","FALSE",""
"PA01","SCHOOL BOARD - FULTON COUNTY","NONPARTISAN","NONPARTISAN","PROVISIONAL",0,"FULTON","13121","FULTON","13121","SANDRA C WRIGHT","004",1,"LOCAL",2020,"GEN RUNOFF","GEORGIA","FALSE","FALSE","GA","13","58","44","2020-08-11","FALSE",""
"SC01A","SCHOOL BOARD - FULTON COUNTY","NONPARTISAN","NONPARTISAN","ABSENTEE",0,"FULTON","13121","FULTON","13121","FRANCHESCA WARREN","004",1,"LOCAL",2020,"GEN RUNOFF","GEORGIA","FALSE","FALSE","GA","13","58","44","2020-08-11","FALSE",""
"SC01A","SCHOOL BOARD - FULTON COUNTY","NONPARTISAN","NONPARTISAN","EARLY IN PERSON",4,"FULTON","13121","FULTON","13121","FRANCHESCA WARREN","004",1,"LOCAL",2020,"GEN RUNOFF","GEORGIA","FALSE","FALSE","GA","13","58","44","2020-08-11","FALSE",""
"SC01A","SCHOOL BOARD - FULTON COUNTY","NONPARTISAN","NONPARTISAN","ELECTION DAY",0,"FULTON","13121","FULTON","13121","FRANCHESCA WARREN","004",1,"LOCAL",2020,"GEN RUNOFF","GEORGIA","FALSE","FALSE","GA","13","58","44","2020-08-11","FALSE",""
"SC01A","SCHOOL BOARD - FULTON COUNTY","NONPARTISAN","NONPARTISAN","PROVISIONAL",0,"FULTON","13121","FULTON","13121","FRANCHESCA WARREN","004",1,"LOCAL",2020,"GEN RUNOFF","GEORGIA","FALSE","FALSE","GA","13","58","44","2020-08-11","FALSE",""
"SC01A","SCHOOL BOARD - FULTON COUNTY","NONPARTISAN","NONPARTISAN","ABSENTEE",0,"FULTON","13121","FULTON","13121","SANDRA C WRIGHT","004",1,"LOCAL",2020,"GEN RUNOFF","GEORGIA","FALSE","FALSE","GA","13","58","44","2020-08-11","FALSE",""
"SC01A","SCHOOL BOARD - FULTON COUNTY","NONPARTISAN","NONPARTISAN","EARLY IN PERSON",6,"FULTON","13121","FULTON","13121","SANDRA C WRIGHT","004",1,"LOCAL",2020,"GEN RUNOFF","GEORGIA","FALSE","FALSE","GA","13","58","44","2020-08-11","FALSE",""
"SC01A","SCHOOL BOARD - FULTON COUNTY","NONPARTISAN","NONPARTISAN","ELECTION DAY",0,"FULTON","13121","FULTON","13121","SANDRA C WRIGHT","004",1,"LOCAL",2020,"GEN RUNOFF","GEORGIA","FALSE","FALSE","GA","13","58","44","2020-08-11","FALSE",""
"SC01A","SCHOOL BOARD - FULTON COUNTY","NONPARTISAN","NONPARTISAN","PROVISIONAL",0,"FULTON","13121","FULTON","13121","SANDRA C WRIGHT","004",1,"LOCAL",2020,"GEN RUNOFF","GEORGIA","FALSE","FALSE","GA","13","58","44","2020-08-11","FALSE",""
"SC01B","SCHOOL BOARD - FULTON COUNTY","NONPARTISAN","NONPARTISAN","ABSENTEE",59,"FULTON","13121","FULTON","13121","FRANCHESCA WARREN","004",1,"LOCAL",2020,"GEN RUNOFF","GEORGIA","FALSE","FALSE","GA","13","58","44","2020-08-11","FALSE",""
"SC01B","SCHOOL BOARD - FULTON COUNTY","NONPARTISAN","NONPARTISAN","EARLY IN PERSON",191,"FULTON","13121","FULTON","13121","FRANCHESCA WARREN","004",1,"LOCAL",2020,"GEN RUNOFF","GEORGIA","FALSE","FALSE","GA","13","58","44","2020-08-11","FALSE",""
"SC01B","SCHOOL BOARD - FULTON COUNTY","NONPARTISAN","NONPARTISAN","ELECTION DAY",98,"FULTON","13121","FULTON","13121","FRANCHESCA WARREN","004",1,"LOCAL",2020,"GEN RUNOFF","GEORGIA","FALSE","FALSE","GA","13","58","44","2020-08-11","FALSE",""
"SC01B","SCHOOL BOARD - FULTON COUNTY","NONPARTISAN","NONPARTISAN","PROVISIONAL",2,"FULTON","13121","FULTON","13121","FRANCHESCA WARREN","004",1,"LOCAL",2020,"GEN RUNOFF","GEORGIA","FALSE","FALSE","GA","13","58","44","2020-08-11","FALSE",""
"SC01B","SCHOOL BOARD - FULTON COUNTY","NONPARTISAN","NONPARTISAN","ABSENTEE",39,"FULTON","13121","FULTON","13121","SANDRA C WRIGHT","004",1,"LOCAL",2020,"GEN RUNOFF","GEORGIA","FALSE","FALSE","GA","13","58","44","2020-08-11","FALSE",""
"SC01B","SCHOOL BOARD - FULTON COUNTY","NONPARTISAN","NONPARTISAN","EARLY IN PERSON",124,"FULTON","13121","FULTON","13121","SANDRA C WRIGHT","004",1,"LOCAL",2020,"GEN RUNOFF","GEORGIA","FALSE","FALSE","GA","13","58","44","2020-08-11","FALSE",""
"SC01B","SCHOOL BOARD - FULTON COUNTY","NONPARTISAN","NONPARTISAN","ELECTION DAY",60,"FULTON","13121","FULTON","13121","SANDRA C WRIGHT","004",1,"LOCAL",2020,"GEN RUNOFF","GEORGIA","FALSE","FALSE","GA","13","58","44","2020-08-11","FALSE",""
"SC01B","SCHOOL BOARD - FULTON COUNTY","NONPARTISAN","NONPARTISAN","PROVISIONAL",0,"FULTON","13121","FULTON","13121","SANDRA C WRIGHT","004",1,"LOCAL",2020,"GEN RUNOFF","GEORGIA","FALSE","FALSE","GA","13","58","44","2020-08-11","FALSE",""
"SC01C","SCHOOL BOARD - FULTON COUNTY","NONPARTISAN","NONPARTISAN","ABSENTEE",117,"FULTON","13121","FULTON","13121","FRANCHESCA WARREN","004",1,"LOCAL",2020,"GEN RUNOFF","GEORGIA","FALSE","FALSE","GA","13","58","44","2020-08-11","FALSE",""
"SC01C","SCHOOL BOARD - FULTON COUNTY","NONPARTISAN","NONPARTISAN","EARLY IN PERSON",221,"FULTON","13121","FULTON","13121","FRANCHESCA WARREN","004",1,"LOCAL",2020,"GEN RUNOFF","GEORGIA","FALSE","FALSE","GA","13","58","44","2020-08-11","FALSE",""
"SC01C","SCHOOL BOARD - FULTON COUNTY","NONPARTISAN","NONPARTISAN","ELECTION DAY",113,"FULTON","13121","FULTON","13121","FRANCHESCA WARREN","004",1,"LOCAL",2020,"GEN RUNOFF","GEORGIA","FALSE","FALSE","GA","13","58","44","2020-08-11","FALSE",""
"SC01C","SCHOOL BOARD - FULTON COUNTY","NONPARTISAN","NONPARTISAN","PROVISIONAL",1,"FULTON","13121","FULTON","13121","FRANCHESCA WARREN","004",1,"LOCAL",2020,"GEN RUNOFF","GEORGIA","FALSE","FALSE","GA","13","58","44","2020-08-11","FALSE",""
"SC01C","SCHOOL BOARD - FULTON COUNTY","NONPARTISAN","NONPARTISAN","ABSENTEE",81,"FULTON","13121","FULTON","13121","SANDRA C WRIGHT","004",1,"LOCAL",2020,"GEN RUNOFF","GEORGIA","FALSE","FALSE","GA","13","58","44","2020-08-11","FALSE",""
"SC01C","SCHOOL BOARD - FULTON COUNTY","NONPARTISAN","NONPARTISAN","EARLY IN PERSON",140,"FULTON","13121","FULTON","13121","SANDRA C WRIGHT","004",1,"LOCAL",2020,"GEN RUNOFF","GEORGIA","FALSE","FALSE","GA","13","58","44","2020-08-11","FALSE",""
"SC01C","SCHOOL BOARD - FULTON COUNTY","NONPARTISAN","NONPARTISAN","ELECTION DAY",69,"FULTON","13121","FULTON","13121","SANDRA C WRIGHT","004",1,"LOCAL",2020,"GEN RUNOFF","GEORGIA","FALSE","FALSE","GA","13","58","44","2020-08-11","FALSE",""
"SC01C","SCHOOL BOARD - FULTON COUNTY","NONPARTISAN","NONPARTISAN","PROVISIONAL",0,"FULTON","13121","FULTON","13121","SANDRA C WRIGHT","004",1,"LOCAL",2020,"GEN RUNOFF","GEORGIA","FALSE","FALSE","GA","13","58","44","2020-08-11","FALSE",""
"SC02","SCHOOL BOARD - FULTON COUNTY","NONPARTISAN","NONPARTISAN","ABSENTEE",89,"FULTON","13121","FULTON","13121","FRANCHESCA WARREN","004",1,"LOCAL",2020,"GEN RUNOFF","GEORGIA","FALSE","FALSE","GA","13","58","44","2020-08-11","FALSE",""
"SC02","SCHOOL BOARD - FULTON COUNTY","NONPARTISAN","NONPARTISAN","EARLY IN PERSON",117,"FULTON","13121","FULTON","13121","FRANCHESCA WARREN","004",1,"LOCAL",2020,"GEN RUNOFF","GEORGIA","FALSE","FALSE","GA","13","58","44","2020-08-11","FALSE",""
"SC02","SCHOOL BOARD - FULTON COUNTY","NONPARTISAN","NONPARTISAN","ELECTION DAY",114,"FULTON","13121","FULTON","13121","FRANCHESCA WARREN","004",1,"LOCAL",2020,"GEN RUNOFF","GEORGIA","FALSE","FALSE","GA","13","58","44","2020-08-11","FALSE",""
"SC02","SCHOOL BOARD - FULTON COUNTY","NONPARTISAN","NONPARTISAN","PROVISIONAL",0,"FULTON","13121","FULTON","13121","FRANCHESCA WARREN","004",1,"LOCAL",2020,"GEN RUNOFF","GEORGIA","FALSE","FALSE","GA","13","58","44","2020-08-11","FALSE",""
"SC02","SCHOOL BOARD - FULTON COUNTY","NONPARTISAN","NONPARTISAN","ABSENTEE",54,"FULTON","13121","FULTON","13121","SANDRA C WRIGHT","004",1,"LOCAL",2020,"GEN RUNOFF","GEORGIA","FALSE","FALSE","GA","13","58","44","2020-08-11","FALSE",""
"SC02","SCHOOL BOARD - FULTON COUNTY","NONPARTISAN","NONPARTISAN","EARLY IN PERSON",80,"FULTON","13121","FULTON","13121","SANDRA C WRIGHT","004",1,"LOCAL",2020,"GEN RUNOFF","GEORGIA","FALSE","FALSE","GA","13","58","44","2020-08-11","FALSE",""
"SC02","SCHOOL BOARD - FULTON COUNTY","NONPARTISAN","NONPARTISAN","ELECTION DAY",86,"FULTON","13121","FULTON","13121","SANDRA C WRIGHT","004",1,"LOCAL",2020,"GEN RUNOFF","GEORGIA","FALSE","FALSE","GA","13","58","44","2020-08-11","FALSE",""
"SC02","SCHOOL BOARD - FULTON COUNTY","NONPARTISAN","NONPARTISAN","PROVISIONAL",1,"FULTON","13121","FULTON","13121","SANDRA C WRIGHT","004",1,"LOCAL",2020,"GEN RUNOFF","GEORGIA","FALSE","FALSE","GA","13","58","44","2020-08-11","FALSE",""
"SC04","SCHOOL BOARD - FULTON COUNTY","NONPARTISAN","NONPARTISAN","ABSENTEE",25,"FULTON","13121","FULTON","13121","FRANCHESCA WARREN","004",1,"LOCAL",2020,"GEN RUNOFF","GEORGIA","FALSE","FALSE","GA","13","58","44","2020-08-11","FALSE",""
"SC04","SCHOOL BOARD - FULTON COUNTY","NONPARTISAN","NONPARTISAN","EARLY IN PERSON",35,"FULTON","13121","FULTON","13121","FRANCHESCA WARREN","004",1,"LOCAL",2020,"GEN RUNOFF","GEORGIA","FALSE","FALSE","GA","13","58","44","2020-08-11","FALSE",""
"SC04","SCHOOL BOARD - FULTON COUNTY","NONPARTISAN","NONPARTISAN","ELECTION DAY",42,"FULTON","13121","FULTON","13121","FRANCHESCA WARREN","004",1,"LOCAL",2020,"GEN RUNOFF","GEORGIA","FALSE","FALSE","GA","13","58","44","2020-08-11","FALSE",""
"SC04","SCHOOL BOARD - FULTON COUNTY","NONPARTISAN","NONPARTISAN","PROVISIONAL",0,"FULTON","13121","FULTON","13121","FRANCHESCA WARREN","004",1,"LOCAL",2020,"GEN RUNOFF","GEORGIA","FALSE","FALSE","GA","13","58","44","2020-08-11","FALSE",""
"SC04","SCHOOL BOARD - FULTON COUNTY","NONPARTISAN","NONPARTISAN","ABSENTEE",14,"FULTON","13121","FULTON","13121","SANDRA C WRIGHT","004",1,"LOCAL",2020,"GEN RUNOFF","GEORGIA","FALSE","FALSE","GA","13","58","44","2020-08-11","FALSE",""
"SC04","SCHOOL BOARD - FULTON COUNTY","NONPARTISAN","NONPARTISAN","EARLY IN PERSON",23,"FULTON","13121","FULTON","13121","SANDRA C WRIGHT","004",1,"LOCAL",2020,"GEN RUNOFF","GEORGIA","FALSE","FALSE","GA","13","58","44","2020-08-11","FALSE",""
"SC04","SCHOOL BOARD - FULTON COUNTY","NONPARTISAN","NONPARTISAN","ELECTION DAY",36,"FULTON","13121","FULTON","13121","SANDRA C WRIGHT","004",1,"LOCAL",2020,"GEN RUNOFF","GEORGIA","FALSE","FALSE","GA","13","58","44","2020-08-11","FALSE",""
"SC04","SCHOOL BOARD - FULTON COUNTY","NONPARTISAN","NONPARTISAN","PROVISIONAL",1,"FULTON","13121","FULTON","13121","SANDRA C WRIGHT","004",1,"LOCAL",2020,"GEN RUNOFF","GEORGIA","FALSE","FALSE","GA","13","58","44","2020-08-11","FALSE",""
"SC05A","SCHOOL BOARD - FULTON COUNTY","NONPARTISAN","NONPARTISAN","ABSENTEE",19,"FULTON","13121","FULTON","13121","FRANCHESCA WARREN","004",1,"LOCAL",2020,"GEN RUNOFF","GEORGIA","FALSE","FALSE","GA","13","58","44","2020-08-11","FALSE",""
"SC05A","SCHOOL BOARD - FULTON COUNTY","NONPARTISAN","NONPARTISAN","EARLY IN PERSON",36,"FULTON","13121","FULTON","13121","FRANCHESCA WARREN","004",1,"LOCAL",2020,"GEN RUNOFF","GEORGIA","FALSE","FALSE","GA","13","58","44","2020-08-11","FALSE",""
"SC05A","SCHOOL BOARD - FULTON COUNTY","NONPARTISAN","NONPARTISAN","ELECTION DAY",25,"FULTON","13121","FULTON","13121","FRANCHESCA WARREN","004",1,"LOCAL",2020,"GEN RUNOFF","GEORGIA","FALSE","FALSE","GA","13","58","44","2020-08-11","FALSE",""
"SC05A","SCHOOL BOARD - FULTON COUNTY","NONPARTISAN","NONPARTISAN","PROVISIONAL",0,"FULTON","13121","FULTON","13121","FRANCHESCA WARREN","004",1,"LOCAL",2020,"GEN RUNOFF","GEORGIA","FALSE","FALSE","GA","13","58","44","2020-08-11","FALSE",""
"SC05A","SCHOOL BOARD - FULTON COUNTY","NONPARTISAN","NONPARTISAN","ABSENTEE",6,"FULTON","13121","FULTON","13121","SANDRA C WRIGHT","004",1,"LOCAL",2020,"GEN RUNOFF","GEORGIA","FALSE","FALSE","GA","13","58","44","2020-08-11","FALSE",""
"SC05A","SCHOOL BOARD - FULTON COUNTY","NONPARTISAN","NONPARTISAN","EARLY IN PERSON",24,"FULTON","13121","FULTON","13121","SANDRA C WRIGHT","004",1,"LOCAL",2020,"GEN RUNOFF","GEORGIA","FALSE","FALSE","GA","13","58","44","2020-08-11","FALSE",""
"SC05A","SCHOOL BOARD - FULTON COUNTY","NONPARTISAN","NONPARTISAN","ELECTION DAY",16,"FULTON","13121","FULTON","13121","SANDRA C WRIGHT","004",1,"LOCAL",2020,"GEN RUNOFF","GEORGIA","FALSE","FALSE","GA","13","58","44","2020-08-11","FALSE",""
"SC05A","SCHOOL BOARD - FULTON COUNTY","NONPARTISAN","NONPARTISAN","PROVISIONAL",0,"FULTON","13121","FULTON","13121","SANDRA C WRIGHT","004",1,"LOCAL",2020,"GEN RUNOFF","GEORGIA","FALSE","FALSE","GA","13","58","44","2020-08-11","FALSE",""
"SC05B","SCHOOL BOARD - FULTON COUNTY","NONPARTISAN","NONPARTISAN","ABSENTEE",84,"FULTON","13121","FULTON","13121","FRANCHESCA WARREN","004",1,"LOCAL",2020,"GEN RUNOFF","GEORGIA","FALSE","FALSE","GA","13","58","44","2020-08-11","FALSE",""
"SC05B","SCHOOL BOARD - FULTON COUNTY","NONPARTISAN","NONPARTISAN","EARLY IN PERSON",267,"FULTON","13121","FULTON","13121","FRANCHESCA WARREN","004",1,"LOCAL",2020,"GEN RUNOFF","GEORGIA","FALSE","FALSE","GA","13","58","44","2020-08-11","FALSE",""
"SC05B","SCHOOL BOARD - FULTON COUNTY","NONPARTISAN","NONPARTISAN","ELECTION DAY",120,"FULTON","13121","FULTON","13121","FRANCHESCA WARREN","004",1,"LOCAL",2020,"GEN RUNOFF","GEORGIA","FALSE","FALSE","GA","13","58","44","2020-08-11","FALSE",""
"SC05B","SCHOOL BOARD - FULTON COUNTY","NONPARTISAN","NONPARTISAN","PROVISIONAL",1,"FULTON","13121","FULTON","13121","FRANCHESCA WARREN","004",1,"LOCAL",2020,"GEN RUNOFF","GEORGIA","FALSE","FALSE","GA","13","58","44","2020-08-11","FALSE",""
"SC05B","SCHOOL BOARD - FULTON COUNTY","NONPARTISAN","NONPARTISAN","ABSENTEE",50,"FULTON","13121","FULTON","13121","SANDRA C WRIGHT","004",1,"LOCAL",2020,"GEN RUNOFF","GEORGIA","FALSE","FALSE","GA","13","58","44","2020-08-11","FALSE",""
"SC05B","SCHOOL BOARD - FULTON COUNTY","NONPARTISAN","NONPARTISAN","EARLY IN PERSON",151,"FULTON","13121","FULTON","13121","SANDRA C WRIGHT","004",1,"LOCAL",2020,"GEN RUNOFF","GEORGIA","FALSE","FALSE","GA","13","58","44","2020-08-11","FALSE",""
"SC05B","SCHOOL BOARD - FULTON COUNTY","NONPARTISAN","NONPARTISAN","ELECTION DAY",84,"FULTON","13121","FULTON","13121","SANDRA C WRIGHT","004",1,"LOCAL",2020,"GEN RUNOFF","GEORGIA","FALSE","FALSE","GA","13","58","44","2020-08-11","FALSE",""
"SC05B","SCHOOL BOARD - FULTON COUNTY","NONPARTISAN","NONPARTISAN","PROVISIONAL",1,"FULTON","13121","FULTON","13121","SANDRA C WRIGHT","004",1,"LOCAL",2020,"GEN RUNOFF","GEORGIA","FALSE","FALSE","GA","13","58","44","2020-08-11","FALSE",""
"SC05D","SCHOOL BOARD - FULTON COUNTY","NONPARTISAN","NONPARTISAN","ABSENTEE",46,"FULTON","13121","FULTON","13121","FRANCHESCA WARREN","004",1,"LOCAL",2020,"GEN RUNOFF","GEORGIA","FALSE","FALSE","GA","13","58","44","2020-08-11","FALSE",""
"SC05D","SCHOOL BOARD - FULTON COUNTY","NONPARTISAN","NONPARTISAN","EARLY IN PERSON",121,"FULTON","13121","FULTON","13121","FRANCHESCA WARREN","004",1,"LOCAL",2020,"GEN RUNOFF","GEORGIA","FALSE","FALSE","GA","13","58","44","2020-08-11","FALSE",""
"SC05D","SCHOOL BOARD - FULTON COUNTY","NONPARTISAN","NONPARTISAN","ELECTION DAY",115,"FULTON","13121","FULTON","13121","FRANCHESCA WARREN","004",1,"LOCAL",2020,"GEN RUNOFF","GEORGIA","FALSE","FALSE","GA","13","58","44","2020-08-11","FALSE",""
"SC05D","SCHOOL BOARD - FULTON COUNTY","NONPARTISAN","NONPARTISAN","PROVISIONAL",3,"FULTON","13121","FULTON","13121","FRANCHESCA WARREN","004",1,"LOCAL",2020,"GEN RUNOFF","GEORGIA","FALSE","FALSE","GA","13","58","44","2020-08-11","FALSE",""
"SC05D","SCHOOL BOARD - FULTON COUNTY","NONPARTISAN","NONPARTISAN","ABSENTEE",43,"FULTON","13121","FULTON","13121","SANDRA C WRIGHT","004",1,"LOCAL",2020,"GEN RUNOFF","GEORGIA","FALSE","FALSE","GA","13","58","44","2020-08-11","FALSE",""
"SC05D","SCHOOL BOARD - FULTON COUNTY","NONPARTISAN","NONPARTISAN","EARLY IN PERSON",82,"FULTON","13121","FULTON","13121","SANDRA C WRIGHT","004",1,"LOCAL",2020,"GEN RUNOFF","GEORGIA","FALSE","FALSE","GA","13","58","44","2020-08-11","FALSE",""
"SC05D","SCHOOL BOARD - FULTON COUNTY","NONPARTISAN","NONPARTISAN","ELECTION DAY",82,"FULTON","13121","FULTON","13121","SANDRA C WRIGHT","004",1,"LOCAL",2020,"GEN RUNOFF","GEORGIA","FALSE","FALSE","GA","13","58","44","2020-08-11","FALSE",""
"SC05D","SCHOOL BOARD - FULTON COUNTY","NONPARTISAN","NONPARTISAN","PROVISIONAL",6,"FULTON","13121","FULTON","13121","SANDRA C WRIGHT","004",1,"LOCAL",2020,"GEN RUNOFF","GEORGIA","FALSE","FALSE","GA","13","58","44","2020-08-11","FALSE",""
"SC05E","SCHOOL BOARD - FULTON COUNTY","NONPARTISAN","NONPARTISAN","ABSENTEE",18,"FULTON","13121","FULTON","13121","FRANCHESCA WARREN","004",1,"LOCAL",2020,"GEN RUNOFF","GEORGIA","FALSE","FALSE","GA","13","58","44","2020-08-11","FALSE",""
"SC05E","SCHOOL BOARD - FULTON COUNTY","NONPARTISAN","NONPARTISAN","EARLY IN PERSON",32,"FULTON","13121","FULTON","13121","FRANCHESCA WARREN","004",1,"LOCAL",2020,"GEN RUNOFF","GEORGIA","FALSE","FALSE","GA","13","58","44","2020-08-11","FALSE",""
"SC05E","SCHOOL BOARD - FULTON COUNTY","NONPARTISAN","NONPARTISAN","ELECTION DAY",23,"FULTON","13121","FULTON","13121","FRANCHESCA WARREN","004",1,"LOCAL",2020,"GEN RUNOFF","GEORGIA","FALSE","FALSE","GA","13","58","44","2020-08-11","FALSE",""
"SC05E","SCHOOL BOARD - FULTON COUNTY","NONPARTISAN","NONPARTISAN","PROVISIONAL",0,"FULTON","13121","FULTON","13121","FRANCHESCA WARREN","004",1,"LOCAL",2020,"GEN RUNOFF","GEORGIA","FALSE","FALSE","GA","13","58","44","2020-08-11","FALSE",""
"SC05E","SCHOOL BOARD - FULTON COUNTY","NONPARTISAN","NONPARTISAN","ABSENTEE",9,"FULTON","13121","FULTON","13121","SANDRA C WRIGHT","004",1,"LOCAL",2020,"GEN RUNOFF","GEORGIA","FALSE","FALSE","GA","13","58","44","2020-08-11","FALSE",""
"SC05E","SCHOOL BOARD - FULTON COUNTY","NONPARTISAN","NONPARTISAN","EARLY IN PERSON",24,"FULTON","13121","FULTON","13121","SANDRA C WRIGHT","004",1,"LOCAL",2020,"GEN RUNOFF","GEORGIA","FALSE","FALSE","GA","13","58","44","2020-08-11","FALSE",""
"SC05E","SCHOOL BOARD - FULTON COUNTY","NONPARTISAN","NONPARTISAN","ELECTION DAY",18,"FULTON","13121","FULTON","13121","SANDRA C WRIGHT","004",1,"LOCAL",2020,"GEN RUNOFF","GEORGIA","FALSE","FALSE","GA","13","58","44","2020-08-11","FALSE",""
"SC05E","SCHOOL BOARD - FULTON COUNTY","NONPARTISAN","NONPARTISAN","PROVISIONAL",2,"FULTON","13121","FULTON","13121","SANDRA C WRIGHT","004",1,"LOCAL",2020,"GEN RUNOFF","GEORGIA","FALSE","FALSE","GA","13","58","44","2020-08-11","FALSE",""
"SC07A","SCHOOL BOARD - FULTON COUNTY","NONPARTISAN","NONPARTISAN","ABSENTEE",176,"FULTON","13121","FULTON","13121","FRANCHESCA WARREN","004",1,"LOCAL",2020,"GEN RUNOFF","GEORGIA","FALSE","FALSE","GA","13","58","44","2020-08-11","FALSE",""
"SC07A","SCHOOL BOARD - FULTON COUNTY","NONPARTISAN","NONPARTISAN","EARLY IN PERSON",250,"FULTON","13121","FULTON","13121","FRANCHESCA WARREN","004",1,"LOCAL",2020,"GEN RUNOFF","GEORGIA","FALSE","FALSE","GA","13","58","44","2020-08-11","FALSE",""
"SC07A","SCHOOL BOARD - FULTON COUNTY","NONPARTISAN","NONPARTISAN","ELECTION DAY",181,"FULTON","13121","FULTON","13121","FRANCHESCA WARREN","004",1,"LOCAL",2020,"GEN RUNOFF","GEORGIA","FALSE","FALSE","GA","13","58","44","2020-08-11","FALSE",""
"SC07A","SCHOOL BOARD - FULTON COUNTY","NONPARTISAN","NONPARTISAN","PROVISIONAL",1,"FULTON","13121","FULTON","13121","FRANCHESCA WARREN","004",1,"LOCAL",2020,"GEN RUNOFF","GEORGIA","FALSE","FALSE","GA","13","58","44","2020-08-11","FALSE",""
"SC07A","SCHOOL BOARD - FULTON COUNTY","NONPARTISAN","NONPARTISAN","ABSENTEE",123,"FULTON","13121","FULTON","13121","SANDRA C WRIGHT","004",1,"LOCAL",2020,"GEN RUNOFF","GEORGIA","FALSE","FALSE","GA","13","58","44","2020-08-11","FALSE",""
"SC07A","SCHOOL BOARD - FULTON COUNTY","NONPARTISAN","NONPARTISAN","EARLY IN PERSON",246,"FULTON","13121","FULTON","13121","SANDRA C WRIGHT","004",1,"LOCAL",2020,"GEN RUNOFF","GEORGIA","FALSE","FALSE","GA","13","58","44","2020-08-11","FALSE",""
"SC07A","SCHOOL BOARD - FULTON COUNTY","NONPARTISAN","NONPARTISAN","ELECTION DAY",185,"FULTON","13121","FULTON","13121","SANDRA C WRIGHT","004",1,"LOCAL",2020,"GEN RUNOFF","GEORGIA","FALSE","FALSE","GA","13","58","44","2020-08-11","FALSE",""
"SC07A","SCHOOL BOARD - FULTON COUNTY","NONPARTISAN","NONPARTISAN","PROVISIONAL",0,"FULTON","13121","FULTON","13121","SANDRA C WRIGHT","004",1,"LOCAL",2020,"GEN RUNOFF","GEORGIA","FALSE","FALSE","GA","13","58","44","2020-08-11","FALSE",""
"SC07C","SCHOOL BOARD - FULTON COUNTY","NONPARTISAN","NONPARTISAN","ABSENTEE",0,"FULTON","13121","FULTON","13121","FRANCHESCA WARREN","004",1,"LOCAL",2020,"GEN RUNOFF","GEORGIA","FALSE","FALSE","GA","13","58","44","2020-08-11","FALSE",""
"SC07C","SCHOOL BOARD - FULTON COUNTY","NONPARTISAN","NONPARTISAN","EARLY IN PERSON",3,"FULTON","13121","FULTON","13121","FRANCHESCA WARREN","004",1,"LOCAL",2020,"GEN RUNOFF","GEORGIA","FALSE","FALSE","GA","13","58","44","2020-08-11","FALSE",""
"SC07C","SCHOOL BOARD - FULTON COUNTY","NONPARTISAN","NONPARTISAN","ELECTION DAY",1,"FULTON","13121","FULTON","13121","FRANCHESCA WARREN","004",1,"LOCAL",2020,"GEN RUNOFF","GEORGIA","FALSE","FALSE","GA","13","58","44","2020-08-11","FALSE",""
"SC07C","SCHOOL BOARD - FULTON COUNTY","NONPARTISAN","NONPARTISAN","PROVISIONAL",0,"FULTON","13121","FULTON","13121","FRANCHESCA WARREN","004",1,"LOCAL",2020,"GEN RUNOFF","GEORGIA","FALSE","FALSE","GA","13","58","44","2020-08-11","FALSE",""
"SC07C","SCHOOL BOARD - FULTON COUNTY","NONPARTISAN","NONPARTISAN","ABSENTEE",0,"FULTON","13121","FULTON","13121","SANDRA C WRIGHT","004",1,"LOCAL",2020,"GEN RUNOFF","GEORGIA","FALSE","FALSE","GA","13","58","44","2020-08-11","FALSE",""
"SC07C","SCHOOL BOARD - FULTON COUNTY","NONPARTISAN","NONPARTISAN","EARLY IN PERSON",1,"FULTON","13121","FULTON","13121","SANDRA C WRIGHT","004",1,"LOCAL",2020,"GEN RUNOFF","GEORGIA","FALSE","FALSE","GA","13","58","44","2020-08-11","FALSE",""
"SC07C","SCHOOL BOARD - FULTON COUNTY","NONPARTISAN","NONPARTISAN","ELECTION DAY",2,"FULTON","13121","FULTON","13121","SANDRA C WRIGHT","004",1,"LOCAL",2020,"GEN RUNOFF","GEORGIA","FALSE","FALSE","GA","13","58","44","2020-08-11","FALSE",""
"SC07C","SCHOOL BOARD - FULTON COUNTY","NONPARTISAN","NONPARTISAN","PROVISIONAL",0,"FULTON","13121","FULTON","13121","SANDRA C WRIGHT","004",1,"LOCAL",2020,"GEN RUNOFF","GEORGIA","FALSE","FALSE","GA","13","58","44","2020-08-11","FALSE",""
"SC13","SCHOOL BOARD - FULTON COUNTY","NONPARTISAN","NONPARTISAN","ABSENTEE",62,"FULTON","13121","FULTON","13121","FRANCHESCA WARREN","004",1,"LOCAL",2020,"GEN RUNOFF","GEORGIA","FALSE","FALSE","GA","13","58","44","2020-08-11","FALSE",""
"SC13","SCHOOL BOARD - FULTON COUNTY","NONPARTISAN","NONPARTISAN","EARLY IN PERSON",146,"FULTON","13121","FULTON","13121","FRANCHESCA WARREN","004",1,"LOCAL",2020,"GEN RUNOFF","GEORGIA","FALSE","FALSE","GA","13","58","44","2020-08-11","FALSE",""
"SC13","SCHOOL BOARD - FULTON COUNTY","NONPARTISAN","NONPARTISAN","ELECTION DAY",91,"FULTON","13121","FULTON","13121","FRANCHESCA WARREN","004",1,"LOCAL",2020,"GEN RUNOFF","GEORGIA","FALSE","FALSE","GA","13","58","44","2020-08-11","FALSE",""
"SC13","SCHOOL BOARD - FULTON COUNTY","NONPARTISAN","NONPARTISAN","PROVISIONAL",2,"FULTON","13121","FULTON","13121","FRANCHESCA WARREN","004",1,"LOCAL",2020,"GEN RUNOFF","GEORGIA","FALSE","FALSE","GA","13","58","44","2020-08-11","FALSE",""
"SC13","SCHOOL BOARD - FULTON COUNTY","NONPARTISAN","NONPARTISAN","ABSENTEE",64,"FULTON","13121","FULTON","13121","SANDRA C WRIGHT","004",1,"LOCAL",2020,"GEN RUNOFF","GEORGIA","FALSE","FALSE","GA","13","58","44","2020-08-11","FALSE",""
"SC13","SCHOOL BOARD - FULTON COUNTY","NONPARTISAN","NONPARTISAN","EARLY IN PERSON",101,"FULTON","13121","FULTON","13121","SANDRA C WRIGHT","004",1,"LOCAL",2020,"GEN RUNOFF","GEORGIA","FALSE","FALSE","GA","13","58","44","2020-08-11","FALSE",""
"SC13","SCHOOL BOARD - FULTON COUNTY","NONPARTISAN","NONPARTISAN","ELECTION DAY",90,"FULTON","13121","FULTON","13121","SANDRA C WRIGHT","004",1,"LOCAL",2020,"GEN RUNOFF","GEORGIA","FALSE","FALSE","GA","13","58","44","2020-08-11","FALSE",""
"SC13","SCHOOL BOARD - FULTON COUNTY","NONPARTISAN","NONPARTISAN","PROVISIONAL",5,"FULTON","13121","FULTON","13121","SANDRA C WRIGHT","004",1,"LOCAL",2020,"GEN RUNOFF","GEORGIA","FALSE","FALSE","GA","13","58","44","2020-08-11","FALSE",""
"SC14A","SCHOOL BOARD - FULTON COUNTY","NONPARTISAN","NONPARTISAN","ABSENTEE",14,"FULTON","13121","FULTON","13121","FRANCHESCA WARREN","004",1,"LOCAL",2020,"GEN RUNOFF","GEORGIA","FALSE","FALSE","GA","13","58","44","2020-08-11","FALSE",""
"SC14A","SCHOOL BOARD - FULTON COUNTY","NONPARTISAN","NONPARTISAN","EARLY IN PERSON",31,"FULTON","13121","FULTON","13121","FRANCHESCA WARREN","004",1,"LOCAL",2020,"GEN RUNOFF","GEORGIA","FALSE","FALSE","GA","13","58","44","2020-08-11","FALSE",""
"SC14A","SCHOOL BOARD - FULTON COUNTY","NONPARTISAN","NONPARTISAN","ELECTION DAY",19,"FULTON","13121","FULTON","13121","FRANCHESCA WARREN","004",1,"LOCAL",2020,"GEN RUNOFF","GEORGIA","FALSE","FALSE","GA","13","58","44","2020-08-11","FALSE",""
"SC14A","SCHOOL BOARD - FULTON COUNTY","NONPARTISAN","NONPARTISAN","PROVISIONAL",0,"FULTON","13121","FULTON","13121","FRANCHESCA WARREN","004",1,"LOCAL",2020,"GEN RUNOFF","GEORGIA","FALSE","FALSE","GA","13","58","44","2020-08-11","FALSE",""
"SC14A","SCHOOL BOARD - FULTON COUNTY","NONPARTISAN","NONPARTISAN","ABSENTEE",11,"FULTON","13121","FULTON","13121","SANDRA C WRIGHT","004",1,"LOCAL",2020,"GEN RUNOFF","GEORGIA","FALSE","FALSE","GA","13","58","44","2020-08-11","FALSE",""
"SC14A","SCHOOL BOARD - FULTON COUNTY","NONPARTISAN","NONPARTISAN","EARLY IN PERSON",31,"FULTON","13121","FULTON","13121","SANDRA C WRIGHT","004",1,"LOCAL",2020,"GEN RUNOFF","GEORGIA","FALSE","FALSE","GA","13","58","44","2020-08-11","FALSE",""
"SC14A","SCHOOL BOARD - FULTON COUNTY","NONPARTISAN","NONPARTISAN","ELECTION DAY",15,"FULTON","13121","FULTON","13121","SANDRA C WRIGHT","004",1,"LOCAL",2020,"GEN RUNOFF","GEORGIA","FALSE","FALSE","GA","13","58","44","2020-08-11","FALSE",""
"SC14A","SCHOOL BOARD - FULTON COUNTY","NONPARTISAN","NONPARTISAN","PROVISIONAL",1,"FULTON","13121","FULTON","13121","SANDRA C WRIGHT","004",1,"LOCAL",2020,"GEN RUNOFF","GEORGIA","FALSE","FALSE","GA","13","58","44","2020-08-11","FALSE",""
"SC15","SCHOOL BOARD - FULTON COUNTY","NONPARTISAN","NONPARTISAN","ABSENTEE",130,"FULTON","13121","FULTON","13121","FRANCHESCA WARREN","004",1,"LOCAL",2020,"GEN RUNOFF","GEORGIA","FALSE","FALSE","GA","13","58","44","2020-08-11","FALSE",""
"SC15","SCHOOL BOARD - FULTON COUNTY","NONPARTISAN","NONPARTISAN","EARLY IN PERSON",488,"FULTON","13121","FULTON","13121","FRANCHESCA WARREN","004",1,"LOCAL",2020,"GEN RUNOFF","GEORGIA","FALSE","FALSE","GA","13","58","44","2020-08-11","FALSE",""
"SC15","SCHOOL BOARD - FULTON COUNTY","NONPARTISAN","NONPARTISAN","ELECTION DAY",271,"FULTON","13121","FULTON","13121","FRANCHESCA WARREN","004",1,"LOCAL",2020,"GEN RUNOFF","GEORGIA","FALSE","FALSE","GA","13","58","44","2020-08-11","FALSE",""
"SC15","SCHOOL BOARD - FULTON COUNTY","NONPARTISAN","NONPARTISAN","PROVISIONAL",3,"FULTON","13121","FULTON","13121","FRANCHESCA WARREN","004",1,"LOCAL",2020,"GEN RUNOFF","GEORGIA","FALSE","FALSE","GA","13","58","44","2020-08-11","FALSE",""
"SC15","SCHOOL BOARD - FULTON COUNTY","NONPARTISAN","NONPARTISAN","ABSENTEE",89,"FULTON","13121","FULTON","13121","SANDRA C WRIGHT","004",1,"LOCAL",2020,"GEN RUNOFF","GEORGIA","FALSE","FALSE","GA","13","58","44","2020-08-11","FALSE",""
"SC15","SCHOOL BOARD - FULTON COUNTY","NONPARTISAN","NONPARTISAN","EARLY IN PERSON",264,"FULTON","13121","FULTON","13121","SANDRA C WRIGHT","004",1,"LOCAL",2020,"GEN RUNOFF","GEORGIA","FALSE","FALSE","GA","13","58","44","2020-08-11","FALSE",""
"SC15","SCHOOL BOARD - FULTON COUNTY","NONPARTISAN","NONPARTISAN","ELECTION DAY",202,"FULTON","13121","FULTON","13121","SANDRA C WRIGHT","004",1,"LOCAL",2020,"GEN RUNOFF","GEORGIA","FALSE","FALSE","GA","13","58","44","2020-08-11","FALSE",""
"SC15","SCHOOL BOARD - FULTON COUNTY","NONPARTISAN","NONPARTISAN","PROVISIONAL",5,"FULTON","13121","FULTON","13121","SANDRA C WRIGHT","004",1,"LOCAL",2020,"GEN RUNOFF","GEORGIA","FALSE","FALSE","GA","13","58","44","2020-08-11","FALSE",""
"SC16A","SCHOOL BOARD - FULTON COUNTY","NONPARTISAN","NONPARTISAN","ABSENTEE",160,"FULTON","13121","FULTON","13121","FRANCHESCA WARREN","004",1,"LOCAL",2020,"GEN RUNOFF","GEORGIA","FALSE","FALSE","GA","13","58","44","2020-08-11","FALSE",""
"SC16A","SCHOOL BOARD - FULTON COUNTY","NONPARTISAN","NONPARTISAN","EARLY IN PERSON",368,"FULTON","13121","FULTON","13121","FRANCHESCA WARREN","004",1,"LOCAL",2020,"GEN RUNOFF","GEORGIA","FALSE","FALSE","GA","13","58","44","2020-08-11","FALSE",""
"SC16A","SCHOOL BOARD - FULTON COUNTY","NONPARTISAN","NONPARTISAN","ELECTION DAY",223,"FULTON","13121","FULTON","13121","FRANCHESCA WARREN","004",1,"LOCAL",2020,"GEN RUNOFF","GEORGIA","FALSE","FALSE","GA","13","58","44","2020-08-11","FALSE",""
"SC16A","SCHOOL BOARD - FULTON COUNTY","NONPARTISAN","NONPARTISAN","PROVISIONAL",8,"FULTON","13121","FULTON","13121","FRANCHESCA WARREN","004",1,"LOCAL",2020,"GEN RUNOFF","GEORGIA","FALSE","FALSE","GA","13","58","44","2020-08-11","FALSE",""
"SC16A","SCHOOL BOARD - FULTON COUNTY","NONPARTISAN","NONPARTISAN","ABSENTEE",127,"FULTON","13121","FULTON","13121","SANDRA C WRIGHT","004",1,"LOCAL",2020,"GEN RUNOFF","GEORGIA","FALSE","FALSE","GA","13","58","44","2020-08-11","FALSE",""
"SC16A","SCHOOL BOARD - FULTON COUNTY","NONPARTISAN","NONPARTISAN","EARLY IN PERSON",270,"FULTON","13121","FULTON","13121","SANDRA C WRIGHT","004",1,"LOCAL",2020,"GEN RUNOFF","GEORGIA","FALSE","FALSE","GA","13","58","44","2020-08-11","FALSE",""
"SC16A","SCHOOL BOARD - FULTON COUNTY","NONPARTISAN","NONPARTISAN","ELECTION DAY",195,"FULTON","13121","FULTON","13121","SANDRA C WRIGHT","004",1,"LOCAL",2020,"GEN RUNOFF","GEORGIA","FALSE","FALSE","GA","13","58","44","2020-08-11","FALSE",""
"SC16A","SCHOOL BOARD - FULTON COUNTY","NONPARTISAN","NONPARTISAN","PROVISIONAL",4,"FULTON","13121","FULTON","13121","SANDRA C WRIGHT","004",1,"LOCAL",2020,"GEN RUNOFF","GEORGIA","FALSE","FALSE","GA","13","58","44","2020-08-11","FALSE",""
"SC18A","SCHOOL BOARD - FULTON COUNTY","NONPARTISAN","NONPARTISAN","ABSENTEE",23,"FULTON","13121","FULTON","13121","FRANCHESCA WARREN","004",1,"LOCAL",2020,"GEN RUNOFF","GEORGIA","FALSE","FALSE","GA","13","58","44","2020-08-11","FALSE",""
"SC18A","SCHOOL BOARD - FULTON COUNTY","NONPARTISAN","NONPARTISAN","EARLY IN PERSON",22,"FULTON","13121","FULTON","13121","FRANCHESCA WARREN","004",1,"LOCAL",2020,"GEN RUNOFF","GEORGIA","FALSE","FALSE","GA","13","58","44","2020-08-11","FALSE",""
"SC18A","SCHOOL BOARD - FULTON COUNTY","NONPARTISAN","NONPARTISAN","ELECTION DAY",15,"FULTON","13121","FULTON","13121","FRANCHESCA WARREN","004",1,"LOCAL",2020,"GEN RUNOFF","GEORGIA","FALSE","FALSE","GA","13","58","44","2020-08-11","FALSE",""
"SC18A","SCHOOL BOARD - FULTON COUNTY","NONPARTISAN","NONPARTISAN","PROVISIONAL",0,"FULTON","13121","FULTON","13121","FRANCHESCA WARREN","004",1,"LOCAL",2020,"GEN RUNOFF","GEORGIA","FALSE","FALSE","GA","13","58","44","2020-08-11","FALSE",""
"SC18A","SCHOOL BOARD - FULTON COUNTY","NONPARTISAN","NONPARTISAN","ABSENTEE",22,"FULTON","13121","FULTON","13121","SANDRA C WRIGHT","004",1,"LOCAL",2020,"GEN RUNOFF","GEORGIA","FALSE","FALSE","GA","13","58","44","2020-08-11","FALSE",""
"SC18A","SCHOOL BOARD - FULTON COUNTY","NONPARTISAN","NONPARTISAN","EARLY IN PERSON",21,"FULTON","13121","FULTON","13121","SANDRA C WRIGHT","004",1,"LOCAL",2020,"GEN RUNOFF","GEORGIA","FALSE","FALSE","GA","13","58","44","2020-08-11","FALSE",""
"SC18A","SCHOOL BOARD - FULTON COUNTY","NONPARTISAN","NONPARTISAN","ELECTION DAY",20,"FULTON","13121","FULTON","13121","SANDRA C WRIGHT","004",1,"LOCAL",2020,"GEN RUNOFF","GEORGIA","FALSE","FALSE","GA","13","58","44","2020-08-11","FALSE",""
"SC18A","SCHOOL BOARD - FULTON COUNTY","NONPARTISAN","NONPARTISAN","PROVISIONAL",0,"FULTON","13121","FULTON","13121","SANDRA C WRIGHT","004",1,"LOCAL",2020,"GEN RUNOFF","GEORGIA","FALSE","FALSE","GA","13","58","44","2020-08-11","FALSE",""
"SC18B","SCHOOL BOARD - FULTON COUNTY","NONPARTISAN","NONPARTISAN","ABSENTEE",31,"FULTON","13121","FULTON","13121","FRANCHESCA WARREN","004",1,"LOCAL",2020,"GEN RUNOFF","GEORGIA","FALSE","FALSE","GA","13","58","44","2020-08-11","FALSE",""
"SC18B","SCHOOL BOARD - FULTON COUNTY","NONPARTISAN","NONPARTISAN","EARLY IN PERSON",56,"FULTON","13121","FULTON","13121","FRANCHESCA WARREN","004",1,"LOCAL",2020,"GEN RUNOFF","GEORGIA","FALSE","FALSE","GA","13","58","44","2020-08-11","FALSE",""
"SC18B","SCHOOL BOARD - FULTON COUNTY","NONPARTISAN","NONPARTISAN","ELECTION DAY",29,"FULTON","13121","FULTON","13121","FRANCHESCA WARREN","004",1,"LOCAL",2020,"GEN RUNOFF","GEORGIA","FALSE","FALSE","GA","13","58","44","2020-08-11","FALSE",""
"SC18B","SCHOOL BOARD - FULTON COUNTY","NONPARTISAN","NONPARTISAN","PROVISIONAL",0,"FULTON","13121","FULTON","13121","FRANCHESCA WARREN","004",1,"LOCAL",2020,"GEN RUNOFF","GEORGIA","FALSE","FALSE","GA","13","58","44","2020-08-11","FALSE",""
"SC18B","SCHOOL BOARD - FULTON COUNTY","NONPARTISAN","NONPARTISAN","ABSENTEE",17,"FULTON","13121","FULTON","13121","SANDRA C WRIGHT","004",1,"LOCAL",2020,"GEN RUNOFF","GEORGIA","FALSE","FALSE","GA","13","58","44","2020-08-11","FALSE",""
"SC18B","SCHOOL BOARD - FULTON COUNTY","NONPARTISAN","NONPARTISAN","EARLY IN PERSON",42,"FULTON","13121","FULTON","13121","SANDRA C WRIGHT","004",1,"LOCAL",2020,"GEN RUNOFF","GEORGIA","FALSE","FALSE","GA","13","58","44","2020-08-11","FALSE",""
"SC18B","SCHOOL BOARD - FULTON COUNTY","NONPARTISAN","NONPARTISAN","ELECTION DAY",21,"FULTON","13121","FULTON","13121","SANDRA C WRIGHT","004",1,"LOCAL",2020,"GEN RUNOFF","GEORGIA","FALSE","FALSE","GA","13","58","44","2020-08-11","FALSE",""
"SC18B","SCHOOL BOARD - FULTON COUNTY","NONPARTISAN","NONPARTISAN","PROVISIONAL",0,"FULTON","13121","FULTON","13121","SANDRA C WRIGHT","004",1,"LOCAL",2020,"GEN RUNOFF","GEORGIA","FALSE","FALSE","GA","13","58","44","2020-08-11","FALSE",""
"SC18C","SCHOOL BOARD - FULTON COUNTY","NONPARTISAN","NONPARTISAN","ABSENTEE",86,"FULTON","13121","FULTON","13121","FRANCHESCA WARREN","004",1,"LOCAL",2020,"GEN RUNOFF","GEORGIA","FALSE","FALSE","GA","13","58","44","2020-08-11","FALSE",""
"SC18C","SCHOOL BOARD - FULTON COUNTY","NONPARTISAN","NONPARTISAN","EARLY IN PERSON",187,"FULTON","13121","FULTON","13121","FRANCHESCA WARREN","004",1,"LOCAL",2020,"GEN RUNOFF","GEORGIA","FALSE","FALSE","GA","13","58","44","2020-08-11","FALSE",""
"SC18C","SCHOOL BOARD - FULTON COUNTY","NONPARTISAN","NONPARTISAN","ELECTION DAY",106,"FULTON","13121","FULTON","13121","FRANCHESCA WARREN","004",1,"LOCAL",2020,"GEN RUNOFF","GEORGIA","FALSE","FALSE","GA","13","58","44","2020-08-11","FALSE",""
"SC18C","SCHOOL BOARD - FULTON COUNTY","NONPARTISAN","NONPARTISAN","PROVISIONAL",0,"FULTON","13121","FULTON","13121","FRANCHESCA WARREN","004",1,"LOCAL",2020,"GEN RUNOFF","GEORGIA","FALSE","FALSE","GA","13","58","44","2020-08-11","FALSE",""
"SC18C","SCHOOL BOARD - FULTON COUNTY","NONPARTISAN","NONPARTISAN","ABSENTEE",53,"FULTON","13121","FULTON","13121","SANDRA C WRIGHT","004",1,"LOCAL",2020,"GEN RUNOFF","GEORGIA","FALSE","FALSE","GA","13","58","44","2020-08-11","FALSE",""
"SC18C","SCHOOL BOARD - FULTON COUNTY","NONPARTISAN","NONPARTISAN","EARLY IN PERSON",103,"FULTON","13121","FULTON","13121","SANDRA C WRIGHT","004",1,"LOCAL",2020,"GEN RUNOFF","GEORGIA","FALSE","FALSE","GA","13","58","44","2020-08-11","FALSE",""
"SC18C","SCHOOL BOARD - FULTON COUNTY","NONPARTISAN","NONPARTISAN","ELECTION DAY",84,"FULTON","13121","FULTON","13121","SANDRA C WRIGHT","004",1,"LOCAL",2020,"GEN RUNOFF","GEORGIA","FALSE","FALSE","GA","13","58","44","2020-08-11","FALSE",""
"SC18C","SCHOOL BOARD - FULTON COUNTY","NONPARTISAN","NONPARTISAN","PROVISIONAL",1,"FULTON","13121","FULTON","13121","SANDRA C WRIGHT","004",1,"LOCAL",2020,"GEN RUNOFF","GEORGIA","FALSE","FALSE","GA","13","58","44","2020-08-11","FALSE",""
"SC20","SCHOOL BOARD - FULTON COUNTY","NONPARTISAN","NONPARTISAN","ABSENTEE",83,"FULTON","13121","FULTON","13121","FRANCHESCA WARREN","004",1,"LOCAL",2020,"GEN RUNOFF","GEORGIA","FALSE","FALSE","GA","13","58","44","2020-08-11","FALSE",""
"SC20","SCHOOL BOARD - FULTON COUNTY","NONPARTISAN","NONPARTISAN","EARLY IN PERSON",343,"FULTON","13121","FULTON","13121","FRANCHESCA WARREN","004",1,"LOCAL",2020,"GEN RUNOFF","GEORGIA","FALSE","FALSE","GA","13","58","44","2020-08-11","FALSE",""
"SC20","SCHOOL BOARD - FULTON COUNTY","NONPARTISAN","NONPARTISAN","ELECTION DAY",111,"FULTON","13121","FULTON","13121","FRANCHESCA WARREN","004",1,"LOCAL",2020,"GEN RUNOFF","GEORGIA","FALSE","FALSE","GA","13","58","44","2020-08-11","FALSE",""
"SC20","SCHOOL BOARD - FULTON COUNTY","NONPARTISAN","NONPARTISAN","PROVISIONAL",0,"FULTON","13121","FULTON","13121","FRANCHESCA WARREN","004",1,"LOCAL",2020,"GEN RUNOFF","GEORGIA","FALSE","FALSE","GA","13","58","44","2020-08-11","FALSE",""
"SC20","SCHOOL BOARD - FULTON COUNTY","NONPARTISAN","NONPARTISAN","ABSENTEE",29,"FULTON","13121","FULTON","13121","SANDRA C WRIGHT","004",1,"LOCAL",2020,"GEN RUNOFF","GEORGIA","FALSE","FALSE","GA","13","58","44","2020-08-11","FALSE",""
"SC20","SCHOOL BOARD - FULTON COUNTY","NONPARTISAN","NONPARTISAN","EARLY IN PERSON",162,"FULTON","13121","FULTON","13121","SANDRA C WRIGHT","004",1,"LOCAL",2020,"GEN RUNOFF","GEORGIA","FALSE","FALSE","GA","13","58","44","2020-08-11","FALSE",""
"SC20","SCHOOL BOARD - FULTON COUNTY","NONPARTISAN","NONPARTISAN","ELECTION DAY",57,"FULTON","13121","FULTON","13121","SANDRA C WRIGHT","004",1,"LOCAL",2020,"GEN RUNOFF","GEORGIA","FALSE","FALSE","GA","13","58","44","2020-08-11","FALSE",""
"SC20","SCHOOL BOARD - FULTON COUNTY","NONPARTISAN","NONPARTISAN","PROVISIONAL",0,"FULTON","13121","FULTON","13121","SANDRA C WRIGHT","004",1,"LOCAL",2020,"GEN RUNOFF","GEORGIA","FALSE","FALSE","GA","13","58","44","2020-08-11","FALSE",""
"SC212","SCHOOL BOARD - FULTON COUNTY","NONPARTISAN","NONPARTISAN","ABSENTEE",78,"FULTON","13121","FULTON","13121","FRANCHESCA WARREN","004",1,"LOCAL",2020,"GEN RUNOFF","GEORGIA","FALSE","FALSE","GA","13","58","44","2020-08-11","FALSE",""
"SC212","SCHOOL BOARD - FULTON COUNTY","NONPARTISAN","NONPARTISAN","EARLY IN PERSON",133,"FULTON","13121","FULTON","13121","FRANCHESCA WARREN","004",1,"LOCAL",2020,"GEN RUNOFF","GEORGIA","FALSE","FALSE","GA","13","58","44","2020-08-11","FALSE",""
"SC212","SCHOOL BOARD - FULTON COUNTY","NONPARTISAN","NONPARTISAN","ELECTION DAY",90,"FULTON","13121","FULTON","13121","FRANCHESCA WARREN","004",1,"LOCAL",2020,"GEN RUNOFF","GEORGIA","FALSE","FALSE","GA","13","58","44","2020-08-11","FALSE",""
"SC212","SCHOOL BOARD - FULTON COUNTY","NONPARTISAN","NONPARTISAN","PROVISIONAL",0,"FULTON","13121","FULTON","13121","FRANCHESCA WARREN","004",1,"LOCAL",2020,"GEN RUNOFF","GEORGIA","FALSE","FALSE","GA","13","58","44","2020-08-11","FALSE",""
"SC212","SCHOOL BOARD - FULTON COUNTY","NONPARTISAN","NONPARTISAN","ABSENTEE",55,"FULTON","13121","FULTON","13121","SANDRA C WRIGHT","004",1,"LOCAL",2020,"GEN RUNOFF","GEORGIA","FALSE","FALSE","GA","13","58","44","2020-08-11","FALSE",""
"SC212","SCHOOL BOARD - FULTON COUNTY","NONPARTISAN","NONPARTISAN","EARLY IN PERSON",77,"FULTON","13121","FULTON","13121","SANDRA C WRIGHT","004",1,"LOCAL",2020,"GEN RUNOFF","GEORGIA","FALSE","FALSE","GA","13","58","44","2020-08-11","FALSE",""
"SC212","SCHOOL BOARD - FULTON COUNTY","NONPARTISAN","NONPARTISAN","ELECTION DAY",96,"FULTON","13121","FULTON","13121","SANDRA C WRIGHT","004",1,"LOCAL",2020,"GEN RUNOFF","GEORGIA","FALSE","FALSE","GA","13","58","44","2020-08-11","FALSE",""
"SC212","SCHOOL BOARD - FULTON COUNTY","NONPARTISAN","NONPARTISAN","PROVISIONAL",0,"FULTON","13121","FULTON","13121","SANDRA C WRIGHT","004",1,"LOCAL",2020,"GEN RUNOFF","GEORGIA","FALSE","FALSE","GA","13","58","44","2020-08-11","FALSE",""
"SC30A","SCHOOL BOARD - FULTON COUNTY","NONPARTISAN","NONPARTISAN","ABSENTEE",13,"FULTON","13121","FULTON","13121","FRANCHESCA WARREN","004",1,"LOCAL",2020,"GEN RUNOFF","GEORGIA","FALSE","FALSE","GA","13","58","44","2020-08-11","FALSE",""
"SC30A","SCHOOL BOARD - FULTON COUNTY","NONPARTISAN","NONPARTISAN","EARLY IN PERSON",1,"FULTON","13121","FULTON","13121","FRANCHESCA WARREN","004",1,"LOCAL",2020,"GEN RUNOFF","GEORGIA","FALSE","FALSE","GA","13","58","44","2020-08-11","FALSE",""
"SC30A","SCHOOL BOARD - FULTON COUNTY","NONPARTISAN","NONPARTISAN","ELECTION DAY",11,"FULTON","13121","FULTON","13121","FRANCHESCA WARREN","004",1,"LOCAL",2020,"GEN RUNOFF","GEORGIA","FALSE","FALSE","GA","13","58","44","2020-08-11","FALSE",""
"SC30A","SCHOOL BOARD - FULTON COUNTY","NONPARTISAN","NONPARTISAN","PROVISIONAL",2,"FULTON","13121","FULTON","13121","FRANCHESCA WARREN","004",1,"LOCAL",2020,"GEN RUNOFF","GEORGIA","FALSE","FALSE","GA","13","58","44","2020-08-11","FALSE",""
"SC30A","SCHOOL BOARD - FULTON COUNTY","NONPARTISAN","NONPARTISAN","ABSENTEE",10,"FULTON","13121","FULTON","13121","SANDRA C WRIGHT","004",1,"LOCAL",2020,"GEN RUNOFF","GEORGIA","FALSE","FALSE","GA","13","58","44","2020-08-11","FALSE",""
"SC30A","SCHOOL BOARD - FULTON COUNTY","NONPARTISAN","NONPARTISAN","EARLY IN PERSON",5,"FULTON","13121","FULTON","13121","SANDRA C WRIGHT","004",1,"LOCAL",2020,"GEN RUNOFF","GEORGIA","FALSE","FALSE","GA","13","58","44","2020-08-11","FALSE",""
"SC30A","SCHOOL BOARD - FULTON COUNTY","NONPARTISAN","NONPARTISAN","ELECTION DAY",9,"FULTON","13121","FULTON","13121","SANDRA C WRIGHT","004",1,"LOCAL",2020,"GEN RUNOFF","GEORGIA","FALSE","FALSE","GA","13","58","44","2020-08-11","FALSE",""
"SC30A","SCHOOL BOARD - FULTON COUNTY","NONPARTISAN","NONPARTISAN","PROVISIONAL",3,"FULTON","13121","FULTON","13121","SANDRA C WRIGHT","004",1,"LOCAL",2020,"GEN RUNOFF","GEORGIA","FALSE","FALSE","GA","13","58","44","2020-08-11","FALSE",""
"UC02A","SCHOOL BOARD - FULTON COUNTY","NONPARTISAN","NONPARTISAN","ABSENTEE",170,"FULTON","13121","FULTON","13121","FRANCHESCA WARREN","004",1,"LOCAL",2020,"GEN RUNOFF","GEORGIA","FALSE","FALSE","GA","13","58","44","2020-08-11","FALSE",""
"UC02A","SCHOOL BOARD - FULTON COUNTY","NONPARTISAN","NONPARTISAN","EARLY IN PERSON",242,"FULTON","13121","FULTON","13121","FRANCHESCA WARREN","004",1,"LOCAL",2020,"GEN RUNOFF","GEORGIA","FALSE","FALSE","GA","13","58","44","2020-08-11","FALSE",""
"UC02A","SCHOOL BOARD - FULTON COUNTY","NONPARTISAN","NONPARTISAN","ELECTION DAY",243,"FULTON","13121","FULTON","13121","FRANCHESCA WARREN","004",1,"LOCAL",2020,"GEN RUNOFF","GEORGIA","FALSE","FALSE","GA","13","58","44","2020-08-11","FALSE",""
"UC02A","SCHOOL BOARD - FULTON COUNTY","NONPARTISAN","NONPARTISAN","PROVISIONAL",0,"FULTON","13121","FULTON","13121","FRANCHESCA WARREN","004",1,"LOCAL",2020,"GEN RUNOFF","GEORGIA","FALSE","FALSE","GA","13","58","44","2020-08-11","FALSE",""
"UC02A","SCHOOL BOARD - FULTON COUNTY","NONPARTISAN","NONPARTISAN","ABSENTEE",189,"FULTON","13121","FULTON","13121","SANDRA C WRIGHT","004",1,"LOCAL",2020,"GEN RUNOFF","GEORGIA","FALSE","FALSE","GA","13","58","44","2020-08-11","FALSE",""
"UC02A","SCHOOL BOARD - FULTON COUNTY","NONPARTISAN","NONPARTISAN","EARLY IN PERSON",202,"FULTON","13121","FULTON","13121","SANDRA C WRIGHT","004",1,"LOCAL",2020,"GEN RUNOFF","GEORGIA","FALSE","FALSE","GA","13","58","44","2020-08-11","FALSE",""
"UC02A","SCHOOL BOARD - FULTON COUNTY","NONPARTISAN","NONPARTISAN","ELECTION DAY",232,"FULTON","13121","FULTON","13121","SANDRA C WRIGHT","004",1,"LOCAL",2020,"GEN RUNOFF","GEORGIA","FALSE","FALSE","GA","13","58","44","2020-08-11","FALSE",""
"UC02A","SCHOOL BOARD - FULTON COUNTY","NONPARTISAN","NONPARTISAN","PROVISIONAL",1,"FULTON","13121","FULTON","13121","SANDRA C WRIGHT","004",1,"LOCAL",2020,"GEN RUNOFF","GEORGIA","FALSE","FALSE","GA","13","58","44","2020-08-11","FALSE",""
"UC02B","SCHOOL BOARD - FULTON COUNTY","NONPARTISAN","NONPARTISAN","ABSENTEE",2,"FULTON","13121","FULTON","13121","FRANCHESCA WARREN","004",1,"LOCAL",2020,"GEN RUNOFF","GEORGIA","FALSE","FALSE","GA","13","58","44","2020-08-11","FALSE",""
"UC02B","SCHOOL BOARD - FULTON COUNTY","NONPARTISAN","NONPARTISAN","EARLY IN PERSON",1,"FULTON","13121","FULTON","13121","FRANCHESCA WARREN","004",1,"LOCAL",2020,"GEN RUNOFF","GEORGIA","FALSE","FALSE","GA","13","58","44","2020-08-11","FALSE",""
"UC02B","SCHOOL BOARD - FULTON COUNTY","NONPARTISAN","NONPARTISAN","ELECTION DAY",1,"FULTON","13121","FULTON","13121","FRANCHESCA WARREN","004",1,"LOCAL",2020,"GEN RUNOFF","GEORGIA","FALSE","FALSE","GA","13","58","44","2020-08-11","FALSE",""
"UC02B","SCHOOL BOARD - FULTON COUNTY","NONPARTISAN","NONPARTISAN","PROVISIONAL",0,"FULTON","13121","FULTON","13121","FRANCHESCA WARREN","004",1,"LOCAL",2020,"GEN RUNOFF","GEORGIA","FALSE","FALSE","GA","13","58","44","2020-08-11","FALSE",""
"UC02B","SCHOOL BOARD - FULTON COUNTY","NONPARTISAN","NONPARTISAN","ABSENTEE",0,"FULTON","13121","FULTON","13121","SANDRA C WRIGHT","004",1,"LOCAL",2020,"GEN RUNOFF","GEORGIA","FALSE","FALSE","GA","13","58","44","2020-08-11","FALSE",""
"UC02B","SCHOOL BOARD - FULTON COUNTY","NONPARTISAN","NONPARTISAN","EARLY IN PERSON",0,"FULTON","13121","FULTON","13121","SANDRA C WRIGHT","004",1,"LOCAL",2020,"GEN RUNOFF","GEORGIA","FALSE","FALSE","GA","13","58","44","2020-08-11","FALSE",""
"UC02B","SCHOOL BOARD - FULTON COUNTY","NONPARTISAN","NONPARTISAN","ELECTION DAY",1,"FULTON","13121","FULTON","13121","SANDRA C WRIGHT","004",1,"LOCAL",2020,"GEN RUNOFF","GEORGIA","FALSE","FALSE","GA","13","58","44","2020-08-11","FALSE",""
"UC02B","SCHOOL BOARD - FULTON COUNTY","NONPARTISAN","NONPARTISAN","PROVISIONAL",0,"FULTON","13121","FULTON","13121","SANDRA C WRIGHT","004",1,"LOCAL",2020,"GEN RUNOFF","GEORGIA","FALSE","FALSE","GA","13","58","44","2020-08-11","FALSE",""
"UC032","SCHOOL BOARD - FULTON COUNTY","NONPARTISAN","NONPARTISAN","ABSENTEE",10,"FULTON","13121","FULTON","13121","FRANCHESCA WARREN","004",1,"LOCAL",2020,"GEN RUNOFF","GEORGIA","FALSE","FALSE","GA","13","58","44","2020-08-11","FALSE",""
"UC032","SCHOOL BOARD - FULTON COUNTY","NONPARTISAN","NONPARTISAN","EARLY IN PERSON",8,"FULTON","13121","FULTON","13121","FRANCHESCA WARREN","004",1,"LOCAL",2020,"GEN RUNOFF","GEORGIA","FALSE","FALSE","GA","13","58","44","2020-08-11","FALSE",""
"UC032","SCHOOL BOARD - FULTON COUNTY","NONPARTISAN","NONPARTISAN","ELECTION DAY",8,"FULTON","13121","FULTON","13121","FRANCHESCA WARREN","004",1,"LOCAL",2020,"GEN RUNOFF","GEORGIA","FALSE","FALSE","GA","13","58","44","2020-08-11","FALSE",""
"UC032","SCHOOL BOARD - FULTON COUNTY","NONPARTISAN","NONPARTISAN","PROVISIONAL",0,"FULTON","13121","FULTON","13121","FRANCHESCA WARREN","004",1,"LOCAL",2020,"GEN RUNOFF","GEORGIA","FALSE","FALSE","GA","13","58","44","2020-08-11","FALSE",""
"UC032","SCHOOL BOARD - FULTON COUNTY","NONPARTISAN","NONPARTISAN","ABSENTEE",12,"FULTON","13121","FULTON","13121","SANDRA C WRIGHT","004",1,"LOCAL",2020,"GEN RUNOFF","GEORGIA","FALSE","FALSE","GA","13","58","44","2020-08-11","FALSE",""
"UC032","SCHOOL BOARD - FULTON COUNTY","NONPARTISAN","NONPARTISAN","EARLY IN PERSON",5,"FULTON","13121","FULTON","13121","SANDRA C WRIGHT","004",1,"LOCAL",2020,"GEN RUNOFF","GEORGIA","FALSE","FALSE","GA","13","58","44","2020-08-11","FALSE",""
"UC032","SCHOOL BOARD - FULTON COUNTY","NONPARTISAN","NONPARTISAN","ELECTION DAY",10,"FULTON","13121","FULTON","13121","SANDRA C WRIGHT","004",1,"LOCAL",2020,"GEN RUNOFF","GEORGIA","FALSE","FALSE","GA","13","58","44","2020-08-11","FALSE",""
"UC032","SCHOOL BOARD - FULTON COUNTY","NONPARTISAN","NONPARTISAN","PROVISIONAL",0,"FULTON","13121","FULTON","13121","SANDRA C WRIGHT","004",1,"LOCAL",2020,"GEN RUNOFF","GEORGIA","FALSE","FALSE","GA","13","58","44","2020-08-11","FALSE",""
